anio,nuevas_inversiones,reinversion_utilidades,cuentas_entre_companias,total,edo,ied
2006,14.575433079999996,52.05547362999999,19.72993694000002,86.36084364999996,Aguascalientes,66.63090670999998
2007,59.36395867392622,360.0055524200001,32.75386812000006,452.1233792139262,Aguascalientes,419.3695110939263
2008,30.845366160000005,248.30305705999993,-33.249893939999964,245.89852928000002,Aguascalientes,279.1484232199999
2009,4.625125550000001,14.6144112,-21.24334263000002,-2.0038058800000105,Aguascalientes,19.23953675
2010,-0.4510152399999997,36.528363580000004,83.53835673999995,119.61570507999997,Aguascalientes,36.07734834000001
2011,1.9538281299999996,10.43653095,367.7588826200001,380.14924170000006,Aguascalientes,12.39035908
2012,36.9733046,309.88236278999995,396.8040027899999,743.6596701800006,Aguascalientes,346.85566738999995
2013,63.20678847,97.97599632050705,-19.76480939,141.41797540050695,Aguascalientes,161.18278479050704
2014,3.6926382,11.756585600000001,53.96131270999998,69.41053650999999,Aguascalientes,15.449223800000002
2015,0.2380015099999997,11.2222699,-62.659853320000046,-51.19958191000005,Aguascalientes,11.46027141
2016,5.6543480754454825,-176.18672146000006,53.07488014000005,-117.45749324455447,Aguascalientes,-170.53237338455457
2017,72.79177625544547,-55.231869639492956,24.611530140000095,42.171436755952605,Aguascalientes,17.559906615952514
2018,25.05750209,135.7519481451249,148.33517065999996,309.14462089512483,Aguascalientes,160.80945023512493
2019,0.5125272707761385,85.2623416595756,109.51797738000005,195.29284631035185,Aguascalientes,85.77486893035173
2020,0.0,50.97027486751007,-13.173960270000006,62.19803127751008,Aguascalientes,50.97027486751007
2021,-5.112725872047996,52.150470880878274,-15.374046570258075,31.663698438572155,Aguascalientes,47.03774500883028
2022,44.859020168728144,324.13503555308887,229.30514119974234,598.2991969215589,Aguascalientes,368.994055721817
2006,171.74912853999993,-1.235194529999995,-32.15079710000001,138.36313690999992,Baja California,170.51393400999993
2007,373.02079057166793,570.23332527,240.4739612599995,1183.7280771016676,Baja California,943.254115841668
2008,82.61233539,415.6514332000001,253.62626653,751.8900351200014,Baja California,498.2637685900001
2009,2.370789280000004,-22.644796740000004,235.1943844899999,214.92037702999988,Baja California,-20.27400746
2010,38.37512187000001,2.6187090700000013,-46.41785925000003,-5.424028309999963,Baja California,40.99383094000001
2011,86.14556058999999,1.1760734499999987,146.68205789000004,234.00369193000012,Baja California,87.32163403999999
2012,209.50380713000004,396.80141898000005,589.0848496600005,1195.3900757699998,Baja California,606.3052261100001
2013,15.588387558740271,385.5111792661095,69.17764017000003,470.27720699484956,Baja California,401.0995668248498
2014,1070.86211157,10.16000816,239.32596141999997,1320.3480811500008,Baja California,1081.02211973
2015,24.41588706750825,25.28376971,216.12604434,265.8257011175081,Baja California,49.69965677750825
2016,58.80943696441908,24.158204029999997,83.30739403999996,166.27503503441906,Baja California,82.96764099441907
2017,1169.6758231606666,445.11316116610965,607.9370399699983,2222.726024296775,Baja California,1614.7889843267762
2018,246.05306963846658,372.2803358398217,350.0471820399999,968.3805875182882,Baja California,618.3334054782883
2019,50.399511196988065,39.36582620152263,196.99182272000016,286.7571601185107,Baja California,89.7653373985107
2020,47.604335232123304,24.476978447000178,195.2029238410999,267.2842375202233,Baja California,72.08131367912348
2021,135.95018372478845,17.413274282365983,197.96232602158042,351.3257840287352,Baja California,153.36345800715443
2022,480.00709979236603,453.53641477071056,940.2042546226803,1873.747769185756,Baja California,933.5435145630765
2006,99.03459587999997,16.117860280000002,-1.6811054100000151,113.47135074999997,Baja California Sur,115.15245615999997
2007,357.4572981712172,90.85841437999997,16.65731569,464.97302824121704,Baja California Sur,448.3157125512172
2008,191.49661374999994,59.42671048000001,41.31541741,292.23874163999994,Baja California Sur,250.92332422999993
2009,42.920418719999994,7.814437310000001,60.43133277000001,111.16618880000001,Baja California Sur,50.734856029999996
2010,69.59861449712575,24.507437,36.779569579999986,130.88562107712582,Baja California Sur,94.10605149712575
2011,116.71906235000002,-0.10361900000000017,-43.15394647000001,73.46149688000004,Baja California Sur,116.61544335000002
2012,420.73470931712563,91.64496578999999,95.37237329000013,607.7520483971261,Baja California Sur,512.3796751071256
2013,191.8008031745117,37.7438242357327,12.097590239999997,241.6422176502445,Baja California Sur,229.5446274102444
2014,150.40816260000003,0.27021923,-14.58227388,136.09610795000012,Baja California Sur,150.67838183000003
2015,311.99834677000035,-0.6778377999999999,-6.25661203,305.06389694000023,Baja California Sur,311.32050897000033
2016,436.072276058289,-1.6176781099999995,-32.225343910000014,402.22925403828896,Baja California Sur,434.454597948289
2017,1090.2795886028005,35.718527555732706,-40.96663957999999,1085.031476578533,Baja California Sur,1125.998116158533
2018,170.4464948273168,152.1929276260438,-0.047428409999994495,322.5919940433605,Baja California Sur,322.63942245336057
2019,146.72119925191075,5.6221803450489505,1.944660949999999,154.2880405469596,Baja California Sur,152.3433795969597
2020,177.89464984206862,-8.480551727217573,-3.676127410000001,165.73797070485105,Baja California Sur,169.41409811485104
2021,189.9532151909549,-33.137215253749204,17.19550337401672,174.0115033112223,Baja California Sur,156.81599993720567
2022,685.0155591122509,116.19734099012591,15.41660850401672,816.6295086063936,Baja California Sur,801.2129001023768
2006,37.756181960000006,4.230878,-31.592917179999997,10.394142779999994,Campeche,41.98705996
2007,82.94496195502352,42.682972939999985,26.23779639999999,151.8657312950235,Campeche,125.6279348950235
2008,18.55365491,46.14469457999999,12.318362555585743,77.0167120455857,Campeche,64.69834949
2009,6.482738539999997,2.27566941,25.09938144999999,33.8577894,Campeche,8.758407949999997
2010,80.10103826,0.0,-2.3453516352091692,79.0224676347908,Campeche,80.10103826
2011,17.73982362,-1.11168002,2.619987955628805,19.24813155562881,Campeche,16.628143599999998
2012,122.87725533000001,48.57546497999999,37.692380326005384,209.1451006360053,Campeche,171.45272031000002
2013,0.11764519000000007,42.30994456114558,6.394980719999999,48.822570471145596,Campeche,42.427589751145575
2014,33.05095268,57.97773063999999,-12.77203586,78.25664746,Campeche,91.02868332
2015,105.76931106,1.1422947199999998,-26.18036814,80.73123764000002,Campeche,106.91160578
2016,-1.9182593800000003,-0.6426638400000002,13.16854139,10.607618169999999,Campeche,-2.5609232200000003
2017,137.01964955000003,100.78730608114556,-19.388881889999983,218.41807374114563,Campeche,237.80695563114557
2018,55.80727300000001,70.55469607006668,5.3727956000000034,131.73476467006665,Campeche,126.36196907006669
2019,0.0,3.2139086686744935,1.8349029700000008,6.038735688674493,Campeche,3.2139086686744935
2020,4.07529193,0.28834532662165724,-59.87795155999999,-55.514314303378335,Campeche,4.363637256621657
2021,0.3043542869235769,-0.9306468566919666,-41.39130555474587,-42.01759812451426,Campeche,-0.6262925697683897
2022,61.17684326692358,73.12630320867086,-94.06155854474584,40.2415879308485,Campeche,134.30314647559445
2006,51.25243736,12.18384765,-33.609747729999995,29.82653727999998,Chiapas,63.436285010000006
2007,156.2354076870739,131.34252181,-30.930619930000002,256.6473095670742,Chiapas,287.5779294970739
2008,30.793328699999993,103.66604876999997,-27.628120129999996,106.83125734000001,Chiapas,134.45937746999996
2009,-5.0548817700000015,3.00622874,44.70736206999998,42.65870904000001,Chiapas,-2.0486530300000014
2010,17.421329789999998,-0.6469881800000001,-36.02499699,-19.25065538000003,Chiapas,16.774341609999997
2011,18.10929669,-0.63998471,-14.56622238,2.9030896000000066,Chiapas,17.46931198
2012,61.269073410000004,105.38530461999997,-33.511977430000016,133.14240060000003,Chiapas,166.65437802999998
2013,3.4424320799999997,87.6980231935333,146.77232176999996,237.91277704353325,Chiapas,91.1404552735333
2014,3.98237176,46.142100240000005,-56.31457584000001,-6.190103839999998,Chiapas,50.124472000000004
2015,2.44114662,-0.7097668600000001,-15.852928339999998,-14.121548579999995,Chiapas,1.7313797599999998
2016,1.0000531199999998,-5.31451244,-56.24634738999999,-60.56080670999999,Chiapas,-4.31445932
2017,10.86600358,127.81584413353328,18.358470200000035,157.04031791353324,Chiapas,138.68184771353327
2018,88.98702813999999,95.03230585266222,108.10283661999998,292.12217061266216,Chiapas,184.0193339926622
2019,0.0,2.710994883493472,-16.24309791,-12.576255306506527,Chiapas,2.710994883493472
2020,0.0,0.5349810830027273,-37.744639819999996,-33.54831252699727,Chiapas,0.5349810830027273
2021,1.3049554510585062,-1.1557491034780443,-59.40637679678403,-59.257170449203564,Chiapas,0.14920634758046192
2022,94.9091775210585,97.12253271568038,-5.291277906784032,186.74043232995476,Chiapas,192.0317102367389
2006,81.80980823116528,-23.026494569999997,191.8703282600001,250.65364192116547,Chihuahua,58.78331366116528
2007,226.88725994687005,501.9039308899999,678.2027472300001,1406.993938066869,Chihuahua,728.79119083687
2008,60.442083209999986,302.40158841,-5.028896329999988,357.81477529000006,Chihuahua,362.84367161999995
2009,-51.426432299999995,61.863248320000004,207.33509960000006,217.77191562,Chihuahua,10.436816020000009
2010,22.49073392,-6.354119249999999,-87.05498378000007,-70.91836911000004,Chihuahua,16.13661467
2011,-50.59884516322732,-81.45271883,268.44531992999987,136.39375593677255,Chihuahua,-132.05156399322732
2012,-19.092460333227333,276.45799865000004,383.69653942000025,641.0620777367714,Chihuahua,257.3655383167727
2013,46.98486939,518.5569385694544,195.63300075999985,761.174808719454,Chihuahua,565.5418079594543
2014,74.05836533335481,70.88898711999998,407.42758877999995,552.3749412333542,Chihuahua,144.9473524533548
2015,40.34940310167584,14.793638920000001,59.52276425999994,114.66580628167587,Chihuahua,55.14304202167584
2016,248.6185645364512,8.335911079999988,222.42407473999972,479.37855035645134,Chihuahua,256.9544756164512
2017,410.0112023614819,612.5754756894545,885.0074285400007,1907.5941065909356,Chihuahua,1022.5866780509364
2018,135.95909983240682,470.3565003056492,259.20737027295183,865.5229704110083,Chihuahua,606.315600138056
2019,37.3483894342723,22.490094375660274,301.21977035,361.0582541599325,Chihuahua,59.83848380993257
2020,249.4482652446344,-1.7935702251924117,234.4132753899999,482.06797040944235,Chihuahua,247.654695019442
2021,106.16211398811444,3.3949559989665494,50.40149227668714,159.95856226376839,Chihuahua,109.557069987081
2022,528.9178684994279,494.4479804550834,845.2419082896383,1868.6077572441513,Chihuahua,1023.3658489545112
2006,1033.0672448338655,66.74255935999999,218.79705374999992,1318.6068579438656,Ciudad de México,1099.8098041938656
2007,3978.8199582171146,3581.262372874805,1217.7995534200002,8777.881884511926,Ciudad de México,7560.0823310919195
2008,552.5943531913229,3695.712925296833,452.7562651000002,4701.063543588155,Ciudad de México,4248.307278488156
2009,134.24016095056973,377.14454006000005,174.80770111999982,686.1924021305696,Ciudad de México,511.38470101056976
2010,141.21570474466762,176.11156290999995,537.8267141800001,855.1539818346674,Ciudad de México,317.3272676546676
2011,650.8823688033727,187.25176663000002,-86.79206677999996,751.3420686533734,Ciudad de México,838.1341354333728
2012,1478.932587689933,4436.220794896829,1078.5986136199995,6993.751996206765,Ciudad de México,5915.153382586762
2013,329.5885261360459,2436.666014300651,451.21472986163405,3217.4692702983334,Ciudad de México,2766.254540436697
2014,506.5309409099117,149.69569650999995,286.06875041999984,942.2953878399117,Ciudad de México,656.2266374199116
2015,577.1272905652983,127.32568023000002,212.1323905999999,916.5853613952979,Ciudad de México,704.4529707952983
2016,558.1037727146341,39.824221900000055,-169.47402798999988,428.4539666246341,Ciudad de México,597.9279946146341
2017,1971.3505303258917,2753.51161294065,779.9418428916341,5504.803986158177,Ciudad de México,4724.862143266542
2018,5476.533869656395,3018.4590869391754,208.32378443000007,8703.316741025576,Ciudad de México,8494.99295659557
2019,1117.0398267936946,125.99059398457065,22.465444066960572,1265.4958648452248,Ciudad de México,1243.0304207782654
2020,301.739838371212,37.39869523552123,523.9436535509897,863.0821871577238,Ciudad de México,339.13853360673323
2021,534.3886327981692,-23.829938008928444,-220.1369464900566,290.421748299183,Ciudad de México,510.55869478924075
2022,7429.70216761947,3158.018438150338,534.5959355578929,11122.316541327707,Ciudad de México,10587.720605769808
2006,108.22836627999999,96.99219636999997,169.17125586999998,374.39181852000013,Coahuila,205.22056264999998
2007,497.58978628538915,990.5792145600003,3.9395784500000985,1492.1085792953893,Coahuila,1488.1690008453895
2008,69.72840322,449.45093290999995,-127.11006494000009,392.0692711900001,Coahuila,519.1793361299999
2009,115.32467947000002,32.764009130000005,274.3575036800002,422.4461922799999,Coahuila,148.0886886
2010,0.61106412,63.38347171000001,-249.93605313999998,-185.94151730999997,Coahuila,63.99453583000001
2011,93.65520738000001,48.759251909999996,81.12171287000007,223.53617215999995,Coahuila,142.41445929
2012,279.31935418999996,594.3576656600001,-21.566901529999978,852.1101183199999,Coahuila,873.6770198500001
2013,-0.9727759614713984,345.3505144120212,184.16056967000006,528.5383081205496,Coahuila,344.3777384505498
2014,84.68404869999999,29.927656390000003,361.65235622,476.26406130999993,Coahuila,114.61170508999999
2015,228.90044093,5.508732440000001,-118.39691051,116.01226286000002,Coahuila,234.40917337
2016,45.84773161278707,-34.36438662,-93.21788894000005,-81.73454394721304,Coahuila,11.483344992787075
2017,358.4594452813157,346.4225166220213,334.1981264400002,1039.0800883433365,Coahuila,704.881961903337
2018,290.62116077,324.9867319415012,-293.87397247000007,321.7339202415014,Coahuila,615.6078927115012
2019,53.762945209485544,91.178310267627,197.53195549000006,342.4732109671125,Coahuila,144.94125547711255
2020,193.45241086968474,31.223379007616547,-81.38626765999994,143.2895222173013,Coahuila,224.6757898773013
2021,135.29642309861606,51.01253728526787,-121.17191480293425,65.13704558094955,Coahuila,186.3089603838839
2022,673.1329399477863,498.40095850201243,-298.9001994429342,872.6336990068639,Coahuila,1171.5338984497987
2006,9.761977360000001,-10.450839530000001,-11.003824280000003,-11.692686450000005,Colima,-0.6888621700000002
2007,30.716736855261768,26.45424276,-15.804636460000005,41.366343155261774,Colima,57.17097961526177
2008,17.33481878,21.479326259999993,39.99557744,78.80972248,Colima,38.81414503999999
2009,-8.925179380000001,3.8293909900000003,27.812034799999996,22.716246409999993,Colima,-5.095788390000001
2010,1.45811576,8.33792878,-1.2103436100000002,8.585700930000007,Colima,9.79604454
2011,12.629762060000003,0.4344397900000002,-31.109976229999962,-18.04577437999999,Colima,13.064201850000003
2012,22.497517220000002,34.08108581999998,35.487292399999966,92.06589544,Colima,56.578603039999976
2013,-0.7531404700000001,76.01818095298435,13.015457209999992,88.28049769298435,Colima,75.26504048298435
2014,1.15181734,4.7600295500000005,-8.91532155,-3.003474659999998,Colima,5.9118468900000005
2015,0.6138668361716324,1.70200002,-13.20178203,-10.88591517382837,Colima,2.3158668561716325
2016,2.621931740000001,-0.03402911999999953,13.201202620000002,15.789105240000003,Colima,2.5879026200000013
2017,3.6344754461716318,82.44618140298438,4.099556250000013,90.180213099156,Colima,86.08065684915601
2018,3.2389358560820662,43.84019946825568,11.603426720000002,58.68256204433775,Colima,47.07913532433775
2019,5.857044630000001,2.6047909148351494,-25.313263279999987,-16.851427735164844,Colima,8.46183554483515
2020,17.09711030498029,2.4980829641238107,13.02082526,32.616018529104096,Colima,19.5951932691041
2021,16.146160211623904,1.6509019605780537,2.819211911469272,20.616274083671225,Colima,17.797062172201958
2022,42.33925100268626,50.59397530779269,2.130200611469274,95.06342692194835,Colima,92.93322631047894
2006,21.500361309999995,-8.523684900000001,-36.1953216,-23.218645190000004,Durango,12.976676409999994
2007,72.67898464592956,133.87758823000004,-28.02609564999996,178.53047722592962,Durango,206.5565728759296
2008,118.61266887,150.20396365999997,95.02375861999997,363.84039114999996,Durango,268.81663253
2009,150.11822189,7.8711084599999985,34.963591720000004,192.95292207000006,Durango,157.98933035
2010,155.54735298999998,22.160701230000004,27.24073111999997,204.94878533999997,Durango,177.70805421999998
2011,15.209360550000001,-17.08987387,-263.31987339999995,-265.20038672000004,Durango,-1.8805133200000004
2012,439.48760430000016,163.14589947999997,-106.09179194000001,496.54171184000035,Durango,602.6335037800002
2013,2.6896799300000005,280.1597189559199,172.22484952000005,455.07424840592006,Durango,282.8493988859199
2014,-0.38311368000000035,23.9492611,83.49931385999999,107.06546127999997,Durango,23.56614742
2015,19.59817769,11.536877449999999,-118.85520717999997,-87.72015203999997,Durango,31.13505514
2016,-49.62088574,2.5085118799999933,34.52919188999999,-12.583181969999998,Durango,-47.112373860000005
2017,-27.716141800000006,318.15436938592006,171.39814809000003,461.83637567592007,Durango,290.43822758592006
2018,4.893961450000001,222.19702011984023,-3.784911389999998,223.30607017984025,Durango,227.09098156984024
2019,0.0,4.763491427922305,-333.5615983900002,117.1842468579222,Durango,4.763491427922305
2020,0.0,31.758908649663216,23.520124518400134,60.20871672806336,Durango,31.758908649663216
2021,169.69752455685696,-15.17989937091753,10.284359492029647,164.80198467796907,Durango,154.51762518593944
2022,625.503523386857,243.53952082650824,-303.5420257695699,565.501018443795,Durango,869.0430442133652
2006,283.73096842999996,151.70918589000004,58.19165589999999,493.6318102200002,México,435.44015432000003
2007,1102.0483238071715,1929.5374947599998,-98.57107519999988,2933.014743367182,México,3031.5858185671714
2008,135.32914217,1737.34137698,-172.6289144099999,1700.0416047400001,México,1872.67051915
2009,-4.4564318699999905,46.41371830999999,416.5245790800003,458.48186552000027,México,41.957286440000004
2010,97.78403856271441,72.96862952000002,-210.96009598000012,-40.20742789728562,México,170.75266808271442
2011,69.53168327999998,-71.46778203,268.90467298,266.96857423,México,-1.9360987500000135
2012,298.18843214271436,1785.2559427799995,301.8402416699999,2385.284616592715,México,2083.444374922714
2013,-22.278383299438666,1180.04780437248,-163.51846616,994.2509549130413,México,1157.7694210730413
2014,95.42182276999999,-22.006643769999997,-79.07095652000005,-5.655777519999997,México,73.415179
2015,80.02747463122311,10.505774479999996,270.60606315000007,361.1393122612232,México,90.53324911122311
2016,129.56683687039956,-319.30023852,375.5377441400001,185.8043424903997,México,-189.73340164960044
2017,282.73775097218396,849.2466965624793,403.55438460999954,1535.5388321446624,México,1131.9844475346633
2018,90.51853455631031,1126.291255747303,-49.02884304855675,1167.780947255057,México,1216.8097903036132
2019,642.6765496329922,58.14183056303118,252.61463407999997,953.4330142760236,México,700.8183801960233
2020,130.50907056627864,58.687510090341895,35.934762219088185,225.1313428757088,México,189.19658065662054
2021,139.48075170536853,33.575984519029504,-226.71262741197057,-53.65589118757267,México,173.05673622439804
2022,1003.1849064609497,1276.6965809197054,12.807925838560593,2292.689413219212,México,2279.881487380655
2006,15.327621709999994,77.02964204999998,119.93583838999994,212.29310215000012,Guanajuato,92.35726375999997
2007,513.8604318012854,854.8591147800008,-572.68592865,796.0336179312861,Guanajuato,1368.719546581286
2008,117.38149811,681.9256342599999,-509.15089662000025,290.1562357499991,Guanajuato,799.3071323699999
2009,-10.661991330000003,0.9556335900000013,261.7200728200002,252.0137150800001,Guanajuato,-9.706357740000001
2010,53.98245455,17.4413717,-345.98902601999987,-274.5651997699999,Guanajuato,71.42382625
2011,149.71241870999998,-15.166508730000006,-202.69755173000004,-68.15164175000001,Guanajuato,134.54590997999998
2012,310.41438004,685.15613082,-796.1174015500006,199.45310930999935,Guanajuato,995.57051086
2013,152.13833166999999,479.52810586332527,476.2323141895783,1107.8987517229025,Guanajuato,631.6664375333253
2014,34.23322665335483,-6.408085759999999,1.8623816000000109,29.687522493354813,Guanajuato,27.825140893354835
2015,195.95076773999995,6.533404810000001,424.04645782999967,626.5306303799999,Guanajuato,202.48417254999995
2016,143.7075252,-1.65395978,-108.09663669000004,33.956928730000186,Guanajuato,142.05356541999998
2017,526.0298512633548,477.99946513332526,794.0445169295795,1798.0738333262586,Guanajuato,1004.0293163966801
2018,38.38672656999999,622.6067939069101,68.47343392999967,729.4669544069104,Guanajuato,660.99352047691
2019,139.72712780103453,56.66029656571213,233.28877457999988,429.67619894674647,Guanajuato,196.38742436674664
2020,413.15908928106074,24.78260043207537,71.04686356000002,508.9885532731358,Guanajuato,437.9416897131361
2021,45.303096374331275,-16.109726964868663,-134.3869302907821,-105.19356088131934,Guanajuato,29.193369409462612
2022,636.5760400264265,687.9399639398295,238.42214177921738,1562.9381457454726,Guanajuato,1324.516003966256
2006,15.10221144,20.696072609999998,3.4264142499999974,39.224698300000014,Guerrero,35.79828405
2007,65.53919533216117,200.73564075000002,9.260173359999994,275.53500944216114,Guerrero,266.2748360821612
2008,21.1661894,210.92576911999998,42.512469370000005,274.60442789000007,Guerrero,232.09195852
2009,-0.42508478000000194,0.18703692999999996,19.624108789999994,19.38606094,Guerrero,-0.23804785000000198
2010,3.4468583600000007,7.51856928,12.143652379999999,23.10908002,Guerrero,10.965427640000001
2011,1.9823849099999995,-0.92827729,-21.38067762,-20.32657,Guerrero,1.0541076199999995
2012,26.170347890000006,217.70309804,52.89955291999999,296.77299885,Guerrero,243.87344593
2013,14.380931010000001,74.43844722582338,55.057339320000004,143.8767175558234,Guerrero,88.81937823582338
2014,12.936330329999999,127.05582687,8.283885410000002,148.27604261000013,Guerrero,139.9921572
2015,210.6770403499999,66.54284061,6.867640359999999,284.08752131999984,Guerrero,277.2198809599999
2016,11.917365489999998,71.01400767,9.930566729999999,92.86193989000006,Guerrero,82.93137315999999
2017,249.91166717999997,339.0511223758233,80.13943182,669.1022213758225,Guerrero,588.9627895558233
2018,15.88707332,83.32077374262985,-25.47965592,73.7281911426298,Guerrero,99.20784706262985
2019,4.329267872937781,40.653717483152676,18.466698199999993,63.44968355609047,Guerrero,44.98298535609046
2020,4.256443628532784,39.59302494521969,15.932194199999996,59.78166277375247,Guerrero,43.849468573752475
2021,3.1359568563637237,38.7133796289801,7.127734699876055,48.97707118521987,Guerrero,41.84933648534383
2022,27.6087416778343,202.28089579998226,16.04697117987604,245.93660865769277,Guerrero,229.88963747781656
2006,39.88266872999999,15.071071590000003,-4.580241890000001,50.373498430000005,Hidalgo,54.953740319999994
2007,189.06528772901342,150.63256581,-55.82337662999999,283.8744769090135,Hidalgo,339.6978535390134
2008,15.077070180000002,117.82139299999997,-38.569638140000016,94.32882503999996,Hidalgo,132.89846317999996
2009,12.52692675,11.10285686,116.71326401000002,140.34304762000008,Hidalgo,23.629783609999997
2010,3.1656448699999995,17.0123455,-4.733614510000001,15.444375860000008,Hidalgo,20.177990369999996
2011,5.760776080000001,8.91846305,13.922036020000004,28.60127515,Hidalgo,14.679239130000001
2012,36.53041787999999,154.85505841000003,87.33204738,278.7175236699998,Hidalgo,191.38547629
2013,0.035752219999999994,115.45489761908462,6.318717069999997,121.80936690908464,Hidalgo,115.49064983908463
2014,5.965904500000001,4.591068590000001,4.974037729999997,15.53101081999999,Hidalgo,10.556973090000001
2015,6.570886139999999,5.17871825,45.294342750000006,57.043947139999986,Hidalgo,11.749604389999998
2016,8.45440479,-5.08792358,-21.482271700000013,-18.115790490000016,Hidalgo,3.36648121
2017,21.02694765,120.13676087908468,35.10482584999999,176.2685343790846,Hidalgo,141.1637085290847
2018,0.0,117.48416608926745,34.950267409999995,153.65033235926745,Hidalgo,117.48416608926745
2019,35.11238492675433,54.745009967621954,37.16671614000002,127.02411103437626,Hidalgo,89.85739489437628
2020,60.89093289999999,50.89405772869966,5.743584879999996,117.52857550869965,Hidalgo,111.78499062869965
2021,12.162206205732742,-0.8445834588594824,3.2169553537761173,14.534578100649373,Hidalgo,11.31762274687326
2022,109.38142289248708,222.27865032672963,81.0775237837761,412.73759700299263,Hidalgo,331.6600732192167
2006,67.64949259655202,49.93396225,-881.9931254300004,-764.4096705834479,Jalisco,117.58345484655203
2007,514.1860569370386,1109.3581343200008,-52.91477654000001,1570.6294147170381,Jalisco,1623.5441912570395
2008,134.4416011021676,1133.6330363299994,158.39709620000002,1426.4717336321653,Jalisco,1268.074637432167
2009,142.30398294000003,20.857831259999994,467.3025212000003,630.4643354000006,Jalisco,163.1618142
2010,86.98375176,25.621075809999994,-84.26390000999994,28.34092756,Jalisco,112.60482757
2011,30.669610856126013,-10.89929371,28.938565059999952,48.70888220612598,Jalisco,19.77031714612601
2012,394.39894665829314,1169.212649689999,570.3742824500005,2133.9858787982953,Jalisco,1563.611596348292
2013,74.056774871104,798.1142727493843,71.72655603,943.8976036504882,Jalisco,872.1710476204884
2014,69.66255321426253,22.912274039999996,137.61731827000014,230.1921455242626,Jalisco,92.57482725426253
2015,61.503311278146924,-4.415794889999999,150.08319118000006,207.17070756814692,Jalisco,57.08751638814692
2016,282.23169263,-113.51156469,591.5635846400002,760.2837125799989,Jalisco,168.72012794
2017,487.4543319935132,703.0991872093848,950.9906501200003,2141.5441693228972,Jalisco,1190.553519202898
2018,498.33716829395524,1013.8764298660584,116.59199936999998,1628.8055975300138,Jalisco,1512.2135981600136
2019,134.02493969664923,79.98065529149214,422.8955497,636.901144688141,Jalisco,214.00559498814135
2020,183.97622660821287,9.310044446354711,288.33305323764006,481.61932429220775,Jalisco,193.28627105456758
2021,2.6573596722589103,-77.43313462872784,305.3252329885991,230.54945803213062,Jalisco,-74.77577495646894
2022,818.9956942710768,1025.7339949751772,1133.145835296237,2977.8755245424923,Jalisco,1844.729689246254
2006,152.45724679999998,20.74759378,-50.522300950000016,122.68253963000001,Michoacán,173.20484057999997
2007,198.76325652390946,170.95897328999996,-71.71545709999998,298.00677271390936,Michoacán,369.7222298139094
2008,33.08663978,192.94816517999993,9.429858350000003,235.46466330999996,Michoacán,226.03480495999992
2009,-24.35828754,7.07999762,38.48180445,21.203514529999996,Michoacán,-17.27828992
2010,0.49365117999999997,12.02770521,0.20638704000000108,12.72774343,Michoacán,12.521356390000001
2011,3.64091422,5.616048480000001,-5.854383639999999,3.4025790600000017,Michoacán,9.2569627
2012,12.86291764,217.67191648999983,42.26366620000002,272.79850032999997,Michoacán,230.53483412999984
2013,727.4457613,193.79711542903692,119.04017553999999,1040.2830522690374,Michoacán,921.2428767290369
2014,6.7409623,9.694769660000002,8.076265880000001,24.511997839999992,Michoacán,16.435731960000002
2015,175.96581740000002,4.312666250000002,-187.04361095000007,-6.765127300000004,Michoacán,180.27848365000003
2016,-3.2050957444258517,3.63095079,-24.727698970000006,-24.301843924425864,Michoacán,0.4258550455741483
2017,906.9474452555743,211.4355021290369,-84.65486850000003,1033.7280788846115,Michoacán,1118.3829473846113
2018,7.72908135,128.4067323346061,-6.032027280000003,130.1037864046061,Michoacán,136.1358136846061
2019,0.0,24.393419364593896,-0.7055788600000004,24.2584576545939,Michoacán,24.393419364593896
2020,0.0,12.26221028780016,-19.769853510000004,-7.504969425408396,Michoacán,12.26221028780016
2021,1.5742687527664063,10.960872163813853,7.463058803891471,19.998199720471728,Michoacán,12.535140916580259
2022,9.87664104955785,176.02323415081392,-19.04440084610854,166.8554743542632,Michoacán,185.89987520037178
2006,42.69961815,27.091002440000004,66.13134013999998,135.92196073000002,Morelos,69.79062059
2007,280.1687947551343,204.36874546999994,171.08293256000007,655.6204727851341,Morelos,484.5375402251342
2008,19.120984500000002,149.72058124000003,-21.85115816,146.9904075800001,Morelos,168.84156574000002
2009,-13.891848360000001,9.179899160000002,-33.926378820000004,-38.63832801999999,Morelos,-4.711949199999999
2010,0.40504776000000003,5.83345892,37.16145788999998,43.39996457,Morelos,6.23850668
2011,1.4632068500000004,6.43097999,227.03749830000004,234.93168514000004,Morelos,7.894186840000001
2012,7.0973907500000015,171.16491931000004,208.42141921000007,386.6837292700002,Morelos,178.26231006000003
2013,0.0,64.09254096817513,10.884390469999985,74.69961433817511,Morelos,64.09254096817513
2014,4.367204480000001,3.2328355799999997,53.526374450000006,61.126414510000004,Morelos,7.60004006
2015,2.38910876,-0.17240692999999976,46.50431803999997,48.72101986999998,Morelos,2.2167018300000003
2016,0.62814044,-101.34050571999998,10.933878859999991,-89.77848642000001,Morelos,-100.71236527999999
2017,7.107136580000001,-34.18753610182488,121.84896182000006,94.76856229817518,Morelos,-27.08039952182488
2018,10.76642057,33.72923147440854,18.873502679999998,63.36915472440854,Morelos,44.495652044408544
2019,0,27.153201537532393,-9.31367719999999,17.839524337532406,Morelos,27.153201537532393
2020,0.0,24.16956656688054,-111.82039863999995,2.061380366880542,Morelos,24.16956656688054
2021,-0.2614521529175855,28.29735721587832,-30.176676602980617,-2.1407715400198866,Morelos,28.035905062960737
2022,100.21718085708241,113.34935679469982,-132.4372497629805,81.12928788880163,Morelos,213.56653765178223
2006,83.23742612000002,5.6638205600000004,-10.965512290000003,77.93573439000001,Nayarit,88.90124668000003
2007,140.00026126308384,46.11815756999999,-15.718059180000006,170.40035965308402,Nayarit,186.11841883308384
2008,45.04980150999999,44.02760935999999,-5.425830760000003,83.65158011000003,Nayarit,89.07741086999998
2009,124.38989883,1.03652158,460.86287983999995,586.2893002500001,Nayarit,125.42642041
2010,27.564122540000014,6.52814466,72.23557301,106.32784021000006,Nayarit,34.092267200000016
2011,-7.071876330000002,0.02696757999999999,13.12236546000001,6.07745671000001,Nayarit,-7.044908750000002
2012,189.93194655,51.61924318,540.7949875500004,782.3461772799999,Nayarit,241.55118972999998
2013,14.04557027513274,122.61905296091324,22.40527441989335,159.0698976559393,Nayarit,136.66462323604597
2014,24.820898620000015,0.47128063,26.282155030000006,51.57433427999996,Nayarit,25.292179250000014
2015,11.368186160000011,-0.08392206999999993,23.152494480000012,34.43675856999999,Nayarit,11.284264090000011
2016,55.05568322999997,-1.03590125,3.766736489999997,57.786518469999955,Nayarit,54.01978197999997
2017,105.29033828513275,121.97051027091324,75.60666041989326,302.86750897593936,Nayarit,227.26084855604597
2018,47.81706148691959,133.86946156361458,13.852050790000003,195.53857384053416,Nayarit,181.68652305053416
2019,101.4286689516102,2.238030514466678,87.78810564999999,191.4548051160768,Nayarit,103.66669946607688
2020,31.02091623593082,0.27481429490126763,11.943874009999996,43.23960454083209,Nayarit,31.29573053083209
2021,32.71826891029619,-0.3439896375007286,11.846302854610709,44.22058212740616,Nayarit,32.37427927279546
2022,212.98491558475678,136.03831673548183,125.43033330461064,474.45356562484915,Nayarit,349.0232323202386
2006,15.860297723674675,173.82385153,44.8914773200002,234.57562657367464,Nuevo León,189.6841492536747
2007,1099.7628360432086,2411.3174580500017,-236.43809607000014,3274.6421980232117,Nuevo León,3511.0802940932103
2008,386.5151291770981,1688.0916462199993,-562.9442399399996,1511.6625354570974,Nuevo León,2074.6067753970974
2009,-51.63151239000001,182.35646821999995,409.73905426000016,540.4640100899996,Nuevo León,130.72495582999994
2010,155.71655529,114.12861711000005,44.93077601000014,314.77594840999967,Nuevo León,269.8451724
2011,82.14852748000003,0.9855660300000133,692.6051084000002,775.7392019099999,Nuevo León,83.13409351000004
2012,572.7486995570981,1985.56229758,584.3306987300001,3142.641695867098,Nuevo León,2558.310997137098
2013,132.32864726999995,1643.1032585197513,-189.57640837999972,1585.855497409751,Nuevo León,1775.4319057897512
2014,53.92947664229192,117.36385885999998,88.18227096000014,259.4756064622918,Nuevo León,171.29333550229188
2015,850.1225102846453,71.7817925,358.0722492799998,1279.9765520646458,Nuevo León,921.9043027846453
2016,738.5303420475223,-117.36479312000003,-454.7978208299996,166.36772809752256,Nuevo León,621.1655489275222
2017,1774.9109762444596,1714.8841167597507,-198.1197089700002,3291.675384034207,Nuevo León,3489.7950930042102
2018,204.90797772942867,1628.7017868355406,-310.70980284999996,1522.8999617149677,Nuevo León,1833.6097645649693
2019,171.55118848613458,556.6479102847394,731.7532152299997,1459.952314000873,Nuevo León,728.199098770874
2020,87.72088690017468,434.3586645210555,-592.6312470471813,-70.55169562595142,Nuevo León,522.0795514212302
2021,861.3574119204131,395.6056762003304,259.9781381287009,1516.9412262494436,Nuevo León,1256.9630881207436
2022,1325.537465036151,3015.314037841666,88.39030346151964,4429.24180633934,Nuevo León,4340.8515028778165
2006,20.944863850000004,50.612914880000005,-23.322462419999997,48.23531631000001,Oaxaca,71.55777873000001
2007,54.248474722161134,207.64214421,-205.27354694,56.61707199216129,Oaxaca,261.89061893216115
2008,23.418203790000003,65.21894702000002,141.6307818,230.26793261000006,Oaxaca,88.63715081000002
2009,-18.24445749,-24.71335203,101.71197457000001,58.75416504999997,Oaxaca,-42.95780952
2010,-13.900817814571154,3.418492119999997,-2.6035303000000023,-13.085855994571162,Oaxaca,-10.482325694571156
2011,-18.92630875,-6.910794959999999,-5.780647610000004,-31.61775132000001,Oaxaca,-25.83710371
2012,-27.653380264571165,37.013292149999984,234.9585784599999,244.31849034542867,Oaxaca,9.359911885428819
2013,56.324286250000014,113.17321514086873,-142.5759885800001,26.921512810868656,Oaxaca,169.49750139086876
2014,68.51971957,2.792920470000001,-120.05702829000005,-48.74438824999998,Oaxaca,71.31264004
2015,1.0263826791699648,13.919423419999998,-40.61615685,-25.670350750830032,Oaxaca,14.945806099169962
2016,-15.247381567900849,-78.70740163,48.846211499999995,-45.10857169790084,Oaxaca,-93.95478319790085
2017,110.62300693126916,51.17815740086876,-254.4029622200002,-92.60179788786219,Oaxaca,161.80116433213792
2018,56.00618736246242,74.23764408238219,5.514134709999995,135.7579661548446,Oaxaca,130.2438314448446
2019,12.679777135208731,-2.549842134181538,15.621276300000007,25.751211301027183,Oaxaca,10.129935001027192
2020,5.944052973051516,0.4334899552137048,16.67869676,23.056239688265226,Oaxaca,6.377542928265221
2021,-2.061790937022859,-10.024689659499732,-14.918873274094912,-27.00535387061751,Oaxaca,-12.086480596522591
2022,72.56822653369977,62.09660224391461,22.895234495905083,157.5600632735197,Oaxaca,134.6648287776144
2006,71.21466228999999,53.10899459000001,593.0470617400001,717.3707186200002,Puebla,124.32365688
2007,416.61347572273155,745.0171912400002,882.3544239000003,2043.98509086273,Puebla,1161.6306669627318
2008,45.611717309999996,513.2756725900001,-312.6227730699999,246.26461683000005,Puebla,558.8873899000001
2009,-12.771279420000006,13.366500299999998,415.27898651999993,415.8742074000001,Puebla,0.5952208799999923
2010,5.33767098,42.662708119999984,-125.33291857000003,-77.33253947000001,Puebla,48.00037909999998
2011,43.36052526,12.226850050000001,-57.35166782999998,-1.7642925200000046,Puebla,55.587375310000006
2012,81.53863413000005,581.5317310600003,-80.02837294999998,583.0419922400005,Puebla,663.0703651900003
2013,7.7579335700000005,240.12994525606155,-128.85148643999986,119.03639238606165,Puebla,247.88787882606155
2014,31.48887938,26.2620806,90.37123865999996,148.1221986399999,Puebla,57.750959980000005
2015,129.62182850679142,19.546343500000003,49.72376408999996,198.89193609679137,Puebla,149.16817200679142
2016,69.07725509,-5.690087490000002,98.36425595000001,161.75142355000003,Puebla,63.38716759999999
2017,237.94589654679143,280.24828186606163,109.60777225999996,627.8019506728532,Puebla,518.194178412853
2018,83.2498179314441,519.8340091174919,-128.7615991099999,474.32222793893584,Puebla,603.083827048936
2019,55.64119942211675,119.07008518813784,70.4534016199999,245.1646862302546,Puebla,174.71128461025458
2020,22.320819350217544,107.4913620467209,-45.54108377999999,84.2710976169384,Puebla,129.81218139693843
2021,116.14446824870606,79.39132337299651,-202.1599702256106,-6.624178603908162,Puebla,195.53579162170257
2022,277.3563049524843,825.7867797253473,-306.00925149561067,797.1338331822205,Puebla,1103.1430846778317
2006,231.11910994791327,22.64123631,-115.63074568999998,138.1296005679133,Querétaro,253.76034625791328
2007,663.5491945336763,625.86719677,-120.34239949000005,1169.0739918136767,Querétaro,1289.4163913036764
2008,35.13831112,563.65242075,131.37287899000006,730.1636108600004,Querétaro,598.7907318700001
2009,2.880936150000003,33.391597329999996,42.95401717000003,79.22655065000008,Querétaro,36.27253348
2010,207.26191773498098,44.24972614,-134.97807311000005,116.5335707649808,Querétaro,251.511643874981
2011,110.63425445,31.388202249999996,-206.91717467000007,-64.89471796999999,Querétaro,142.0224567
2012,355.91541945498096,672.6819464700003,-167.56835161999996,861.0290143049808,Querétaro,1028.5973659249812
2013,-0.8199510922519432,417.76474072791115,-52.0740137,364.87077593565925,Querétaro,416.9447896356592
2014,39.09604122999999,-25.395420350000002,56.483838849999984,70.18445973,Querétaro,13.700620879999988
2015,102.18955466,7.153437360000001,145.87994904999988,255.22294106999996,Querétaro,109.34299202
2016,174.98015228,-76.33852422000001,90.74773578999988,189.38936384999988,Querétaro,98.64162805999999
2017,315.44579707774807,323.1842335179112,241.03750998999993,879.6675405856604,Querétaro,638.6300305956593
2018,48.231484040000005,307.5118109389359,175.5332726286907,531.2765676076269,Querétaro,355.7432949789359
2019,22.897131056359843,46.21383872013112,114.16598371916295,183.27695349565394,Querétaro,69.11096977649096
2020,54.718724544408296,24.65548530544104,45.3883592704495,124.7625691202989,Querétaro,79.37420984984934
2021,-18.455570491772928,-2.823771615051993,-98.61163171587424,-119.89097382269912,Querétaro,-21.27934210682492
2022,107.3917691489952,375.5573633494562,236.47598390242894,719.4251164008798,Querétaro,482.9491324984514
2006,141.40304616999998,19.617895360000002,5.060515939999979,166.08145746999992,Quintana Roo,161.02094153
2007,408.18133097970946,242.99613905999996,12.96575181999998,664.1432218597087,Quintana Roo,651.1774700397094
2008,68.23703930898759,135.1971087400001,-144.43120387000008,59.00294417898763,Quintana Roo,203.43414804898768
2009,1.3086457699999974,5.362139399999999,60.82203477999998,67.49281995,Quintana Roo,6.670785169999997
2010,16.545960286051592,10.66600935,32.04618283999999,59.2581524760516,Quintana Roo,27.21196963605159
2011,-61.26902217267872,-0.76074523,37.12885213000001,-24.90091527267871,Quintana Roo,-62.029767402678715
2012,24.822623192360524,150.46451226000002,-14.434134120000126,160.85300133236044,Quintana Roo,175.28713545236053
2013,38.667421892960526,244.35288818682125,10.504670951623718,293.5249810314057,Quintana Roo,283.0203100797818
2014,112.10415087266519,-2.8428454400000005,-29.55804272,79.70326271266524,Quintana Roo,109.26130543266518
2015,78.0827897001962,-10.363700199999998,-18.004617039999996,49.71447246019621,Quintana Roo,67.7190895001962
2016,57.40705656419721,0.79375912,-9.855980990000004,48.344834694197225,Quintana Roo,58.20081568419721
2017,286.2614190300191,231.9401016668213,-46.91396979837628,471.2875508984645,Quintana Roo,518.2015206968404
2018,192.23585873321915,105.23667638504836,-19.239687489999998,278.2328476282674,Quintana Roo,297.4725351182675
2019,75.04341469804764,-19.678845129670947,-2.6532171000000004,52.71135246837668,Quintana Roo,55.364569568376695
2020,-31.58687104561629,0.2801489521753191,118.11182613141357,86.80510403797253,Quintana Roo,-31.30672209344097
2021,75.01883366495973,-45.81862263934876,9.252760019958552,38.45297104556954,Quintana Roo,29.20021102561097
2022,310.7112360506097,40.01935756820395,105.47168156137216,456.2022751801856,Quintana Roo,350.73059361881366
2006,155.16047825,63.553938609999996,-147.27572353000005,71.43869332999998,San Luis Potosí,218.71441686
2007,372.0987489473759,480.63951582000004,1.0899460700000656,853.8282108373761,San Luis Potosí,852.738264767376
2008,30.51312568,321.16467958000004,65.37491704000001,417.0527223,San Luis Potosí,351.67780526
2009,-16.014276359999997,-4.789886980000001,630.4963798599999,609.69221652,San Luis Potosí,-20.80416334
2010,140.00130993000002,19.073323440000003,-479.20611376000016,-320.1314803899999,San Luis Potosí,159.07463337000002
2011,152.87685550999996,22.35179108,31.37311830000003,206.60176489000006,San Luis Potosí,175.22864658999995
2012,307.37701475999995,357.79990711999994,248.03830144000003,913.2152233200004,San Luis Potosí,665.1769218799999
2013,40.79056263,279.57447349362985,366.53725296,686.90228908363,San Luis Potosí,320.36503612362986
2014,89.26445491000001,38.564438249999995,-84.33299002999993,43.49590313000002,San Luis Potosí,127.82889316
2015,173.29417736999997,36.72929826,-10.304830489999972,199.7186451399997,San Luis Potosí,210.02347562999998
2016,49.90032806,35.79817007,-313.4929608499998,-227.79446272,San Luis Potosí,85.69849812999999
2017,353.24952296999993,390.66638007362985,-41.59352840999996,702.3223746336298,San Luis Potosí,743.9159030436298
2018,79.78771395000001,291.8284480548125,-48.899393950000004,322.71676805481235,San Luis Potosí,371.6161620048125
2019,146.3764710044324,66.90535431489708,65.66798788242468,278.9498132017542,San Luis Potosí,213.28182531932947
2020,382.2298654864287,48.86042729412595,-160.57314821,270.51714457055493,San Luis Potosí,431.09029278055465
2021,56.77080888776186,52.426711270458476,-658.2454025786872,-549.047882420467,San Luis Potosí,109.19752015822033
2022,665.164859328623,460.02094093429423,-802.0499568562619,323.1358434066549,San Luis Potosí,1125.1858002629174
2006,28.963451817913207,18.58641487,0.7430714999999982,48.29293818791319,Sinaloa,47.54986668791321
2007,91.5004838936986,183.4623882500001,-12.377027269999981,262.5858448736984,Sinaloa,274.9628721436987
2008,37.49972617,135.40087247999998,1.4109606900000005,174.31155934000003,Sinaloa,172.90059864999998
2009,116.83826026000001,-1.9898356400000003,451.79710803000006,566.6455326499998,Sinaloa,114.84842462000002
2010,12.412945529999998,6.76132662,4.484966770000008,23.65923892000003,Sinaloa,19.17427215
2011,3.9226240399999974,-9.68278295,-15.287714810000002,-21.04787372000001,Sinaloa,-5.760158910000003
2012,170.67355599999993,130.4895805099999,442.40532067999976,743.56845719,Sinaloa,301.16313650999984
2013,6.175538360000001,266.0064314272109,6.21775523999999,278.399725027211,Sinaloa,272.1819697872109
2014,97.50463753999995,12.035791330000002,-5.48990743,104.05052143999993,Sinaloa,109.54042886999994
2015,116.50631057,-0.7149274700000001,21.455478380000017,137.24686147999995,Sinaloa,115.79138309999999
2016,19.92701781,-5.6524025799999995,9.524421110000056,23.799036340000114,Sinaloa,14.274615229999998
2017,240.1135042800001,271.6748927072109,31.707747300000037,543.4961442872108,Sinaloa,511.788396987211
2018,51.63539013790744,185.2593806732137,45.36153383000003,282.2563046411211,Sinaloa,236.89477081112116
2019,108.41711733115918,22.40628681977587,118.34046997000002,249.163874120935,Sinaloa,130.82340415093503
2020,180.86980332381484,21.581839207662245,-3.5906086000000013,198.86103393147712,Sinaloa,202.4516425314771
2021,107.37546307021988,8.523020711787776,24.68330981806918,140.5817936000768,Sinaloa,115.89848378200766
2022,448.2977738631014,237.7705274124395,184.79470501806927,870.8630062936096,Sinaloa,686.0683012755409
2006,59.232654229999994,-4.2187259199999945,17.76783137999998,72.78175968999999,Sonora,55.01392831
2007,125.20002845869473,440.28127952000017,-115.84150236999989,449.6398056086946,Sonora,565.4813079786949
2008,66.57397266999999,257.71324963999996,-122.53791495999994,201.7493073499998,Sonora,324.28722230999995
2009,-24.461304880000004,7.9208918200000005,206.91012315000003,190.36971009000004,Sonora,-16.540413060000002
2010,0.7001064299999952,6.53539224,-25.903202220000004,-18.66770355000001,Sonora,7.235498669999996
2011,2.6096876900000017,-5.577038390000001,211.84825983999988,208.88090913999997,Sonora,-2.9673506999999995
2012,45.42246191,266.59249531,270.31726581000026,582.3322230299997,Sonora,312.01495722
2013,166.32520576000005,55.4074289343543,316.68298338999995,538.4156180843545,Sonora,221.73263469435435
2014,462.3209036699998,-0.88584224,-43.38856484000001,418.0464965899996,Sonora,461.4350614299998
2015,-20.293835590000004,-12.9687254,-48.02550676000001,-81.28806775000004,Sonora,-33.262560990000004
2016,22.64523663920992,50.38772988999999,-48.966951460000004,24.066015069209932,Sonora,73.03296652920992
2017,630.9975104792095,91.94059118435429,176.30196032999993,899.2400619935656,Sonora,722.9381016635638
2018,65.11326109418313,156.5577941013103,144.97020736000002,366.6412625554933,Sonora,221.6710551954934
2019,76.40486882850546,21.48573830599313,15.003437055401825,112.8940441899004,Sonora,97.8906071344986
2020,11.940437939235238,64.86364689531133,-89.24723445999997,-12.44314962545343,Sonora,76.80408483454657
2021,47.7545261346755,-27.67658055095161,-22.986126782045528,-2.908181198321615,Sonora,20.077945583723892
2022,201.21309399659938,215.23059875166317,47.74028317335652,464.1839759216188,Sonora,416.44369274826255
2006,102.3110696,3.0927219499999987,-64.13267276000002,41.27111878999996,Tabasco,105.40379155
2007,207.1488848322887,117.42635627000006,166.01494733000004,490.5901884322885,Tabasco,324.57524110228877
2008,29.978325919999996,102.13955480999999,-21.21286451000001,110.90501622000004,Tabasco,132.11788073
2009,186.55308422,3.17475792,29.217147589999986,218.94498972999997,Tabasco,189.72784213999998
2010,20.13196416,-7.0188393399999995,10.322904769999997,23.436029589999997,Tabasco,13.11312482
2011,88.05554061000001,-9.36034601,32.84053977,111.53573437000001,Tabasco,78.69519460000001
2012,324.71891491,88.93512737999997,51.167727619999994,464.82176990999994,Tabasco,413.65404229
2013,0.7063818799999997,93.1967985100499,51.81674232,145.7199227100499,Tabasco,93.9031803900499
2014,37.17879781,56.858474850000015,-42.36780849999998,51.669464160000025,Tabasco,94.03727266000001
2015,100.76836131,-0.8299068100000001,-51.396102299999995,48.54235220000001,Tabasco,99.9384545
2016,20.89280554,-7.1789936899999995,40.76786507999999,54.48167693000001,Tabasco,13.713811850000003
2017,159.54634654000003,142.04637286004993,-1.1793033999999682,300.4134160000497,Tabasco,301.59271940005
2018,96.33221063999999,105.96335670190135,-9.337275930000002,192.95829141190146,Tabasco,202.29556734190135
2019,0.8161655743296985,35.17066384040921,-63.16806995999999,-27.181240545261094,Tabasco,35.986829414738914
2020,3.6494706792861167,1.191170849789768,19.365427809999996,24.206069339075878,Tabasco,4.840641529075885
2021,9.533710856210842,-13.858189987912617,-158.4004222586507,-162.72490139035244,Tabasco,-4.324479131701775
2022,110.33155774982664,128.4670014041877,-211.54034033865065,27.258218815363666,Tabasco,238.79855915401436
2006,87.76857212999998,24.785870559999996,174.04653870000013,286.6009813900001,Tamaulipas,112.55444268999997
2007,314.6371401725571,397.20353498746795,918.0227020900003,1629.8633772500268,Tamaulipas,711.8406751600251
2008,74.99685534999999,166.16653932636135,291.10558750999985,532.2689821863614,Tamaulipas,241.16339467636135
2009,-73.52981917999999,-8.021068930000013,71.11985421999998,-10.43103389000007,Tamaulipas,-81.55088811
2010,175.91462023,5.955886499999998,52.85067836000001,234.72118509000006,Tamaulipas,181.87050673
2011,41.0461894,16.51013648,-106.41556764000005,-48.85924175999999,Tamaulipas,57.55632588
2012,218.42784580000003,180.61149337636135,308.6605524499995,707.699891626361,Tamaulipas,399.0393391763614
2013,70.08297229000001,289.8297690318707,127.11297203999996,487.02571336187094,Tamaulipas,359.9127413218707
2014,417.78773767999996,52.990993960000004,-309.42675789000015,161.35197375000004,Tamaulipas,470.77873164
2015,318.24931,86.47422106999997,125.89221262000007,530.6157436899999,Tamaulipas,404.7235310699999
2016,-32.56755701,36.93858863999998,89.84451258000017,94.21554421000003,Tamaulipas,4.371031629999976
2017,773.55246296,466.2335727018711,33.42293934999984,1273.2089750118719,Tamaulipas,1239.786035661871
2018,483.77079863000006,434.97376244506694,182.32363844982697,1101.068199524894,Tamaulipas,918.7445610750669
2019,30.61345923,82.41209250208857,125.41800526000009,238.44355699208862,Tamaulipas,113.02555173208857
2020,-14.694274606785646,24.19339942244492,-538.1990280700002,-528.6999032543408,Tamaulipas,9.499124815659274
2021,132.91800888179776,41.95392703519638,-6.443674129464155,168.42826178753015,Tamaulipas,174.87193591699415
2022,632.6079921350123,583.5331814047968,-236.90105848963694,979.2401150501721,Tamaulipas,1216.1411735398092
2006,4.9771968300000005,13.400164530000001,31.932642630000004,50.31000399,Tlaxcala,18.377361360000002
2007,79.90602764181212,135.03354665999996,130.78160439000004,345.72117869181176,Tlaxcala,214.93957430181206
2008,7.2275449699999985,91.67755851999999,-7.720781100000001,91.18432238999999,Tlaxcala,98.90510348999999
2009,45.53158782,7.928977870000001,196.55226276999988,250.0128284599999,Tlaxcala,53.460565689999996
2010,0.41369128,6.644988290000001,-19.255289830000002,-12.196610260000003,Tlaxcala,7.058679570000001
2011,17.25330333,6.188036960000001,7.3119525100000065,30.753292800000004,Tlaxcala,23.441340290000003
2012,70.4261274,112.43956164,176.8881443499999,359.7538333900002,Tlaxcala,182.86568904
2013,0.0,37.9696735870167,37.21525753,72.0405677470167,Tlaxcala,37.9696735870167
2014,1.29066073,-1.2722446800000007,13.38428532,13.402701369999992,Tlaxcala,0.01841604999999924
2015,0.0,-0.49409071999999976,12.167797170000014,12.278873630000025,Tlaxcala,-0.49409071999999976
2016,11.13170377,-2.74284873,-55.30583092,-46.91697587999999,Tlaxcala,8.38885504
2017,9.883168309999999,33.460489457016706,7.461509099999974,50.805166867016666,Tlaxcala,43.34365776701671
2018,0.0,62.67450410598625,-15.720081250000007,48.17032171598624,Tlaxcala,62.67450410598625
2019,13.53482867,51.62396453456028,17.57807097,82.7368641745603,Tlaxcala,65.15879320456028
2020,0.0,44.633526486477805,0.30284754000000036,44.9705803164778,Tlaxcala,44.633526486477805
2021,0.0,47.05105204859199,52.00727743831418,99.14825536851428,Tlaxcala,47.05105204859199
2022,14.874859701608111,205.9830471756163,54.16811469831418,275.02602157553844,Tlaxcala,220.8579068772244
2006,260.68416712,-16.870395009999996,-177.2773227599999,66.53644935000005,Veracruz,243.81377211
2007,617.2198722240973,721.7918724699998,-258.39840661999995,1080.6133380740976,Veracruz,1339.0117446940972
2008,60.5788643,425.59216703,248.21596901000015,734.38700034,Veracruz,486.17103133
2009,30.660985619999984,-9.725345830000004,245.5453472599999,266.48098705000007,Veracruz,20.935639789999982
2010,76.49469887,7.520307469999999,45.32760522000002,129.34261155999997,Veracruz,84.01500633999999
2011,46.439381360000006,-16.8504608,-159.10288416,-129.5139636,Veracruz,29.588920560000005
2012,214.17393015000007,406.5366678699999,379.98603733000056,1000.6966353499996,Veracruz,620.71059802
2013,76.94841877999997,306.65691068573483,203.51011781,587.1154472757347,Veracruz,383.6053294657348
2014,55.667834340000006,30.347049130000002,-218.76073858000007,-132.74585511,Veracruz,86.01488347
2015,238.11915911,26.66222966,112.26355138000004,377.04494015000006,Veracruz,264.78138877
2016,519.5067535300001,-11.417539320000003,-404.15675819000023,103.9324560199999,Veracruz,508.0892142100001
2017,890.2421657600001,352.2486501557349,-307.14382758000045,935.3469883357345,Veracruz,1242.490815915735
2018,180.39378558,379.62227179514827,158.86991232,718.8859696951483,Veracruz,560.0160573751483
2019,34.504629584013614,80.39251312101949,-96.15277731000002,18.744365395033068,Veracruz,114.8971427050331
2020,6.310813609907233,75.45762119967866,-348.5289074799999,-266.760472670414,Veracruz,81.76843480958588
2021,-74.15987270521502,-37.22848375376239,-359.4735983987992,-470.86195485777677,Veracruz,-111.38835645897741
2022,147.04935606870575,498.2439223620839,-645.2853708687989,0.00790756199110687,Veracruz,645.2932784307897
2006,28.978907930000002,0.712595520000001,-2.317529570000005,27.37397387999998,Yucatán,29.691503450000003
2007,84.76141689722081,66.97372085,8.216210729999995,159.951348477221,Yucatán,151.73513774722082
2008,22.112207638163138,84.54020793999997,23.184558099999993,129.83697367816316,Yucatán,106.65241557816312
2009,-5.229513929999998,-0.9209267299999999,8.829036839999993,2.678596179999993,Yucatán,-6.1504406599999975
2010,6.223069979999999,-0.6934004,1.6954068600000005,7.225076440000005,Yucatán,5.529669579999999
2011,7.2749560499999975,-2.86810924,7.510276779999996,11.917123589999994,Yucatán,4.406846809999998
2012,30.380719738163126,80.05777156999997,41.219278579999994,151.65776988816293,Yucatán,110.4384913081631
2013,7.662879030000001,66.74878515537318,-17.264383809999998,57.14728037537321,Yucatán,74.41166418537318
2014,14.853998473326083,-0.020729280000000044,4.995517759999997,19.828786953326087,Yucatán,14.833269193326084
2015,15.300548429999997,-5.5994575200000005,1.23902019,10.940111100000008,Yucatán,9.701090909999998
2016,46.68965572645123,-3.4558293399999997,14.39581321999999,57.629639606451214,Yucatán,43.23382638645123
2017,84.5070816597773,57.6727690153732,3.365967360000001,145.54581803515038,Yucatán,142.1798506751505
2018,79.73844232952735,52.01290124647613,1.7734421699999994,133.52478574600343,Yucatán,131.75134357600348
2019,86.1097857659637,1.1522361557760992,200.35645158999998,287.61847351173986,Yucatán,87.26202192173979
2020,43.29954772886409,0.3742935148000883,58.73346186,102.40730310366418,Yucatán,43.67384124366418
2021,14.713542326488572,-3.153806488457788,12.261796050149396,23.82153188818017,Yucatán,11.559735838030784
2022,223.86131815084372,50.38562442859453,273.1251516701496,547.3720942495871,Yucatán,274.24694257943827
2006,44.48921838000001,55.16449769,-41.16489398,58.48882208999999,Zacatecas,99.65371607
2007,194.88656384023824,307.5718428000001,244.0322158199999,746.4906224602383,Zacatecas,502.45840664023837
2008,21.75185488,168.53353651999998,-168.74975286000003,21.535638540000008,Zacatecas,190.28539139999998
2009,1.4054552699999998,4.5258005599999995,19.600942479999997,25.532198310000002,Zacatecas,5.93125583
2010,3.1440485299999996,25.387107240000002,-185.50405923999998,-156.97290346999995,Zacatecas,28.53115577
2011,-1.6859364799999996,-22.942448680000002,-270.99538256,-295.6237677200001,Zacatecas,-24.62838516
2012,24.615422199999998,175.50399564000003,-605.6482521799999,-405.52883433999983,Zacatecas,200.11941784000004
2013,0.0,300.4559823752325,102.46775915,442.9289279052324,Zacatecas,300.4559823752325
2014,-5.62600864,319.88849124,153.71435471999993,467.97683732000013,Zacatecas,314.2624826
2015,-0.3200173581818178,53.1314977,135.92612050999998,188.73760085181817,Zacatecas,52.81148034181818
2016,0,276.21897347,-55.65298009000002,220.56599337999995,Zacatecas,276.21897347
2017,34.05916038181818,949.6949447852326,336.45525428999986,1320.2093594570501,Zacatecas,983.7541051670507
2018,0.0,112.69841957527056,218.34254542,334.0871114952706,Zacatecas,112.69841957527056
2019,0.0,22.62272058787554,-182.34157773,-159.71635153212452,Zacatecas,22.62272058787554
2020,0.0,14.209672674671847,10.109435719999999,24.31910839467185,Zacatecas,14.209672674671847
2021,0.0,4.9016186454573,-215.56233437795896,-189.98563823619008,Zacatecas,4.9016186454573
2022,23.72372960631163,154.43243148327525,-169.451930967959,8.7042301216278,Zacatecas,178.15616108958687
