,Estado,Year,Population,GDP,GDPperCAP
0,Aguascalientes,2004,1065416.0,126554.147,0.11878378680252596
1,Aguascalientes,2005,1065416.0,129628.028,0.1216689330740293
2,Aguascalientes,2006,1089332.0,138111.823,0.12678579441345705
3,Aguascalientes,2007,1113248.0,150305.117,0.13501494455862484
4,Aguascalientes,2008,1137164.0,150949.983,0.13274249184814152
5,Aguascalientes,2009,1161080.0,143253.947,0.12337991094498224
6,Aguascalientes,2010,1184996.0,152205.212,0.12844365044270192
7,Aguascalientes,2011,1209057.1,158934.494,0.13145325725311072
8,Aguascalientes,2012,1233118.2,167705.967,0.13600153415949906
9,Aguascalientes,2013,1257179.3,172820.491,0.1374668601368158
10,Aguascalientes,2014,1281240.4,190482.862,0.14867066477141996
11,Aguascalientes,2015,1305301.5,198220.641,0.1518581270304217
12,Aguascalientes,2016,1329362.6,211672.469,0.15922854231042757
13,Aguascalientes,2017,1353423.7,216705.56,0.160116569556156
14,Aguascalientes,2018,1377484.8,224891.592,0.16326248536462978
15,Aguascalientes,2019,1401545.9,222451.271,0.15871850575853422
17,Baja California,2004,2844469.0,423005.499,0.14871158694294084
18,Baja California,2005,2844469.0,433008.166,0.1522281192025647
19,Baja California,2006,2906589.2,456019.296,0.1568915538528802
20,Baja California,2007,2968709.4,461581.274,0.15548213442514783
21,Baja California,2008,3030829.6,457556.565,0.15096743314107794
22,Baja California,2009,3092949.8,407745.948,0.13183076815537065
23,Baja California,2010,3155070.0,428162.546,0.13570619542514112
24,Baja California,2011,3216465.0,440700.662,0.13701397714571742
25,Baja California,2012,3277860.0,456024.472,0.1391226202461362
26,Baja California,2013,3339255.0,465524.695,0.13940974708430473
27,Baja California,2014,3400650.0,478121.939,0.14059722082543044
28,Baja California,2015,3462045.0,511459.528,0.147733356441063
29,Baja California,2016,3523440.0,535552.651,0.15199709687123947
30,Baja California,2017,3584835.0,553327.213,0.1543522123054478
31,Baja California,2018,3646230.0,566045.913,0.15524141729951207
32,Baja California,2019,3707625.0,575332.463,0.15517547297798456
34,Baja California Sur,2004,512170.0,81546.009,0.15921668391354435
35,Baja California Sur,2005,512170.0,87397.67,0.17064191577015445
36,Baja California Sur,2006,537141.2,93655.622,0.17435940866200547
37,Baja California Sur,2007,562112.4,106199.426,0.18892916434506693
38,Baja California Sur,2008,587083.6,108975.356,0.18562152988092326
39,Baja California Sur,2009,612054.8,108338.811,0.17700835121299596
40,Baja California Sur,2010,637026.0,110656.4,0.17370782354252415
41,Baja California Sur,2011,653168.1,114707.762,0.17561752020651347
42,Baja California Sur,2012,669310.2,117345.833,0.17532353907052367
43,Baja California Sur,2013,685452.3,115027.644,0.16781276246355872
44,Baja California Sur,2014,701594.4,116027.018,0.16537620311678655
45,Baja California Sur,2015,717736.5,130520.642,0.18185036151846815
46,Baja California Sur,2016,733878.6,133948.675,0.18252157100643077
47,Baja California Sur,2017,750020.7,148376.63,0.1978300465573817
48,Baja California Sur,2018,766162.8,173200.594,0.22606239039535722
49,Baja California Sur,2019,782304.9,158953.669,0.2031863394949974
51,Campeche,2004,754730.0,1059561.025,1.4038941409510686
52,Campeche,2005,754730.0,1038533.775,1.3760335152968612
53,Campeche,2006,768272.2,1014280.35,1.3202096210171343
54,Campeche,2007,781814.4,947575.493,1.2120210282645087
55,Campeche,2008,795356.6,867231.044,1.0903675709738248
56,Campeche,2009,808898.8,780757.429,0.9652102698137269
57,Campeche,2010,822441.0,753968.591,0.9167448984182452
58,Campeche,2011,833033.2,726503.856,0.8721187294816102
59,Campeche,2012,843625.4,714787.065,0.8472801613133032
60,Campeche,2013,854217.6,721085.063,0.8441468110701535
61,Campeche,2014,864809.8,685981.27,0.7932163465307631
62,Campeche,2015,875402.0,637604.643,0.7283563928343778
63,Campeche,2016,885994.2,600612.272,0.6778963925497481
64,Campeche,2017,896586.4,537882.577,0.5999227481032503
65,Campeche,2018,907178.6,529465.695,0.5836399745320271
66,Campeche,2019,917770.8,517309.327,0.5636585158298781
68,Coahuila,2004,2495200.0,449143.882,0.18000315886502083
69,Coahuila,2005,2495200.0,458867.907,0.18390025128246232
70,Coahuila,2006,2545838.2,480488.194,0.1887347726968666
71,Coahuila,2007,2596476.4,500478.657,0.19275301597195338
72,Coahuila,2008,2647114.6,498326.775,0.18825281497068544
73,Coahuila,2009,2697752.8,421327.489,0.15617720385648381
74,Coahuila,2010,2748391.0,489951.776,0.17826858551057692
75,Coahuila,2011,2788229.0,523207.112,0.1876485439323671
76,Coahuila,2012,2828067.0,549551.802,0.19432064445432162
77,Coahuila,2013,2867905.0,538206.987,0.1876655562161229
78,Coahuila,2014,2907743.0,559217.153,0.19232000661681586
79,Coahuila,2015,2947581.0,563928.44,0.19131906468388823
80,Coahuila,2016,2987419.0,572243.615,0.1915511734376731
81,Coahuila,2017,3027257.0,601722.052,0.19876807684316197
82,Coahuila,2018,3067095.0,608138.802,0.19827843676182186
83,Coahuila,2019,3106933.0,603865.64,0.19436068946449764
85,Colima,2004,567996.0,67794.051,0.11935656413073333
86,Colima,2005,567996.0,68258.171,0.1201736825611448
87,Colima,2006,584507.8,72533.785,0.12409378454829859
88,Colima,2007,601019.6,77526.37,0.12899141725161709
89,Colima,2008,617531.4,78953.717,0.12785376905530635
90,Colima,2009,634043.2,76446.9,0.12057049109587485
91,Colima,2010,650555.0,81992.178,0.12603419849205677
92,Colima,2011,658638.6,87944.969,0.13352537947214146
93,Colima,2012,666722.2,90540.289,0.13579912143318462
94,Colima,2013,674805.8,91422.446,0.1354796387345811
95,Colima,2014,682889.4,93703.258,0.13721586248080583
96,Colima,2015,690973.0,95878.066,0.13875804988038606
97,Colima,2016,699056.6,98576.211,0.14101320408104293
98,Colima,2017,707140.2,102039.429,0.144298724637632
99,Colima,2018,715223.8,105031.03,0.14685058019601696
100,Colima,2019,723307.4,109098.972,0.15083347965194327
102,Chiapas,2004,4293459.0,238375.89,0.0555207095258159
103,Chiapas,2005,4293459.0,240279.559,0.05596409771235734
104,Chiapas,2006,4394083.2,248414.302,0.05653381847662784
105,Chiapas,2007,4494707.4,252536.304,0.05618526002382268
106,Chiapas,2008,4595331.6,258289.89,0.056207018879769206
107,Chiapas,2009,4695955.8,256698.362,0.054663709143088615
108,Chiapas,2010,4796580.0,270989.331,0.05649636428455274
109,Chiapas,2011,4871304.8,279446.584,0.057365858937835294
110,Chiapas,2012,4946029.6,284733.625,0.057568119891559084
111,Chiapas,2013,5020754.4,280925.273,0.05595280123640383
112,Chiapas,2014,5095479.2,294029.165,0.05770392802309937
113,Chiapas,2015,5170204.0,287811.831,0.05566740325913639
114,Chiapas,2016,5244928.8,287034.269,0.05472605633845782
115,Chiapas,2017,5319653.6,277580.835,0.05218024628520925
116,Chiapas,2018,5394378.4,267664.128,0.049619086417816004
117,Chiapas,2019,5469103.2,261684.516,0.04784779266918934
119,Chihuahua,2004,3241444.0,376662.637,0.11620211146637116
120,Chihuahua,2005,3241444.0,389210.794,0.12007327413338006
121,Chihuahua,2006,3274448.2,419631.539,0.12815336000734412
122,Chihuahua,2007,3307452.4,434649.92,0.13141532135126116
123,Chihuahua,2008,3340456.6,440792.887,0.1319558790256398
124,Chihuahua,2009,3373460.8,401079.179,0.11889249728350186
125,Chihuahua,2010,3406465.0,417796.42,0.12264808826745614
126,Chihuahua,2011,3440005.4,427430.027,0.12425271977770733
127,Chihuahua,2012,3473545.8,459166.22,0.1321894819984812
128,Chihuahua,2013,3507086.2,476290.197,0.13580795276717178
129,Chihuahua,2014,3540626.6,485693.517,0.1371772773214775
130,Chihuahua,2015,3574167.0,510642.914,0.14287046855952729
131,Chihuahua,2016,3607707.4,534205.546,0.14807341249459421
132,Chihuahua,2017,3641247.8,551497.303,0.15145832782926774
133,Chihuahua,2018,3674788.2,564077.669,0.15349936875273518
134,Chihuahua,2019,3708328.6,572880.305,0.1544847738142731
136,Ciudad de México,2004,8720916.0,2226949.736,0.25535731980447923
137,Ciudad de México,2005,8720916.0,2258091.583,0.25892825742158276
138,Ciudad de México,2006,8746948.8,2374722.886,0.2714915726956124
139,Ciudad de México,2007,8772981.6,2408565.865,0.2745435901746335
140,Ciudad de México,2008,8799014.4,2450391.202,0.27848473597224704
141,Ciudad de México,2009,8825047.2,2362516.439,0.2677058134034683
142,Ciudad de México,2010,8851080.0,2446910.439,0.2764533185780718
143,Ciudad de México,2011,8886966.4,2533806.893,0.28511494012174954
144,Ciudad de México,2012,8922852.8,2633934.642,0.2951897449210414
145,Ciudad de México,2013,8958739.2,2673066.331,0.29837528153515175
146,Ciudad de México,2014,8994625.6,2748551.988,0.3055771424215812
147,Ciudad de México,2015,9030512.0,2869792.908,0.317788505014998
148,Ciudad de México,2016,9066398.4,2957233.594,0.32617512087269407
149,Ciudad de México,2017,9102284.8,3045539.859,0.3345907017763276
150,Ciudad de México,2018,9138171.2,3126459.566,0.34213186616595676
151,Ciudad de México,2019,9174057.6,3132839.076,0.34148892590340835
153,Durango,2004,1509117.0,157662.281,0.10447319922842296
154,Durango,2005,1509117.0,155001.886,0.10271031735776616
155,Durango,2006,1533880.4,160388.081,0.10456361591164474
156,Durango,2007,1558643.8,162709.802,0.10439190917129365
157,Durango,2008,1583407.2,165722.989,0.10466226817713094
158,Durango,2009,1608170.6,163083.647,0.10140941949815523
159,Durango,2010,1632934.0,169268.084,0.10365886435091681
160,Durango,2011,1652905.6,176314.713,0.10666955995551106
161,Durango,2012,1672877.2,182943.056,0.10935832946973037
162,Durango,2013,1692848.8,189052.812,0.11167731695825404
163,Durango,2014,1712820.4,192968.629,0.1126613327351776
164,Durango,2015,1732792.0,192888.101,0.11131636168680373
165,Durango,2016,1752763.6,200660.962,0.11448261591009762
166,Durango,2017,1772735.2,199559.31,0.11257141506526186
167,Durango,2018,1792706.8,202272.029,0.11283051361215342
168,Durango,2019,1812678.4,204045.941,0.1125659912977393
170,Guanajuato,2004,4893812.0,450953.155,0.09214762540939456
171,Guanajuato,2005,4893812.0,454625.559,0.09289804328404933
172,Guanajuato,2006,5012324.0,477646.929,0.09529450390677059
173,Guanajuato,2007,5130836.0,488729.604,0.09525340587771661
174,Guanajuato,2008,5249348.0,503024.423,0.09582607649559527
175,Guanajuato,2009,5367860.0,481674.906,0.08973313499234332
176,Guanajuato,2010,5486372.0,517168.681,0.09426423891781308
177,Guanajuato,2011,5554428.2,548163.17,0.09868939704720642
178,Guanajuato,2012,5622484.4,570921.987,0.10154265381332137
179,Guanajuato,2013,5690540.6,594575.532,0.10448489410654588
180,Guanajuato,2014,5758596.8,620084.804,0.10767984381195086
181,Guanajuato,2015,5826653.0,653849.926,0.11221706973111321
182,Guanajuato,2016,5894709.2,673328.294,0.11422587122703186
183,Guanajuato,2017,5962765.4,704179.453,0.11809611912620274
184,Guanajuato,2018,6030821.6,713090.078,0.11824095045358331
185,Guanajuato,2019,6098877.8,701795.455,0.1150696042803153
187,Guerrero,2004,3115202.0,192557.837,0.06181231168957904
188,Guerrero,2005,3115202.0,195219.889,0.06266684760731407
189,Guerrero,2006,3169915.2,199540.65,0.06294826120269716
190,Guerrero,2007,3224628.4,204879.83,0.06353595037493312
191,Guerrero,2008,3279341.6,208284.821,0.063514219134719
192,Guerrero,2009,3334054.8,201239.316,0.06035873075631511
193,Guerrero,2010,3388768.0,211890.535,0.06252730638391298
194,Guerrero,2011,3403959.7,214478.174,0.06300843514686734
195,Guerrero,2012,3419151.4,218118.481,0.06379316253734772
196,Guerrero,2013,3434343.1,218811.378,0.06371273097320998
197,Guerrero,2014,3449534.8,227659.005,0.06599701646726394
198,Guerrero,2015,3464726.5,229580.566,0.06626224782821963
199,Guerrero,2016,3479918.2,234185.03,0.06729613069640544
200,Guerrero,2017,3495109.9,234094.182,0.06697763123271173
201,Guerrero,2018,3510301.6,240685.982,0.06856561327949712
202,Guerrero,2019,3525493.3,240749.756,0.06828824664054815
204,Hidalgo,2004,2345514.0,191549.579,0.08166635500790019
205,Hidalgo,2005,2345514.0,190073.779,0.081037153903153
206,Hidalgo,2006,2409414.8,195404.535,0.08110041284713616
207,Hidalgo,2007,2473315.6,201655.418,0.08153242473382694
208,Hidalgo,2008,2537216.4,208800.335,0.08229504389140792
209,Hidalgo,2009,2601117.2,195581.126,0.0751912009193588
210,Hidalgo,2010,2665018.0,206303.584,0.07741170378586561
211,Hidalgo,2011,2706800.3,214569.188,0.07927041680910114
212,Hidalgo,2012,2748582.6,222797.005,0.08105887194367016
213,Hidalgo,2013,2790364.9,230982.767,0.08277869571825534
214,Hidalgo,2014,2832147.2,243064.784,0.0858234995695139
215,Hidalgo,2015,2873929.5,258695.052,0.09001440431993896
216,Hidalgo,2016,2915711.8,268833.622,0.09220171280302807
217,Hidalgo,2017,2957494.1,270118.073,0.09133342751216307
218,Hidalgo,2018,2999276.4,276996.193,0.09235434020018964
219,Hidalgo,2019,3041058.7,272452.995,0.08959149489616888
221,Jalisco,2004,6752113.0,819238.31,0.12133065752898389
222,Jalisco,2005,6752113.0,842128.813,0.12472078192411767
223,Jalisco,2006,6871826.8,886009.726,0.1289336521112552
224,Jalisco,2007,6991540.6,913139.834,0.13060638366313715
225,Jalisco,2008,7111254.4,918573.456,0.12917178943844282
226,Jalisco,2009,7230968.2,870319.1,0.12035996783943814
227,Jalisco,2010,7350682.0,925371.837,0.12588924905199272
228,Jalisco,2011,7450428.9,953148.056,0.1279319712721505
229,Jalisco,2012,7550175.8,995285.999,0.13182289066699612
230,Jalisco,2013,7649922.7,1018578.607,0.1331488757396202
231,Jalisco,2014,7749669.6,1067256.762,0.13771642109748783
232,Jalisco,2015,7849416.5,1104884.87,0.1407601278388018
233,Jalisco,2016,7949163.4,1149129.548,0.14455980965242202
234,Jalisco,2017,8048910.3,1176616.034,0.14618327079629648
235,Jalisco,2018,8148657.2,1208076.022,0.14825461328769604
236,Jalisco,2019,8248404.1,1216735.696,0.14751164967778435
238,México,2004,14007495.0,1073840.81,0.0766618735184271
239,México,2005,14007495.0,1099376.794,0.07848489640724483
240,México,2006,14241168.4,1150701.95,0.08080109143291922
241,México,2007,14474841.8,1184658.428,0.08184258207229594
242,México,2008,14708515.2,1198144.35,0.0814592318604668
243,México,2009,14942188.6,1138727.918,0.07620891078834328
244,México,2010,15175862.0,1226813.687,0.08083980251006499
245,México,2011,15357517.6,1283448.197,0.08357133167146753
246,México,2012,15539173.2,1339994.611,0.08623332745914693
247,México,2013,15720828.8,1365154.229,0.08683729378186474
248,México,2014,15902484.4,1402291.945,0.08818068357922741
249,México,2015,16084140.0,1445183.505,0.08985146268311515
250,México,2016,16265795.6,1485467.443,0.09132461021457813
251,México,2017,16447451.2,1556925.971,0.0946606226136728
252,México,2018,16629106.8,1608137.236,0.0967061704119911
253,México,2019,16810762.4,1580644.778,0.094025763995094
255,Michoacán,2004,3966073.0,301021.642,0.07589916827047813
256,Michoacán,2005,3966073.0,306026.395,0.07716105956698226
257,Michoacán,2006,4043065.8,320451.426,0.07925951291715312
258,Michoacán,2007,4120058.6,328272.19,0.07967658275540061
259,Michoacán,2008,4197051.4,334657.914,0.07973643448826954
260,Michoacán,2009,4274044.2,317003.042,0.07416934106577559
261,Michoacán,2010,4351037.0,329767.26,0.07579049775949963
262,Michoacán,2011,4390817.9,343275.664,0.07818034630860003
263,Michoacán,2012,4430598.8,352030.387,0.07945435885551182
264,Michoacán,2013,4470379.7,359465.987,0.08041061635100034
265,Michoacán,2014,4510160.6,379655.442,0.08417780998752018
266,Michoacán,2015,4549941.5,386038.362,0.08484468690421625
267,Michoacán,2016,4589722.4,402111.981,0.08761139475450629
268,Michoacán,2017,4629503.3,414856.586,0.08961146782204477
269,Michoacán,2018,4669284.2,424359.973,0.09088330348364744
270,Michoacán,2019,4709065.1,424544.678,0.09015476936175719
272,Morelos,2004,1612899.0,159734.875,0.09903588197401077
273,Morelos,2005,1612899.0,171279.471,0.10619355024710164
274,Morelos,2006,1645764.6,168177.81,0.10218825341121081
275,Morelos,2007,1678630.2,169325.362,0.10087115196664519
276,Morelos,2008,1711495.8,169672.507,0.0991369695444184
277,Morelos,2009,1744361.4,168348.348,0.09651001678895212
278,Morelos,2010,1777227.0,174984.467,0.09845926659903322
279,Morelos,2011,1796656.3,174678.088,0.09722398657995966
280,Morelos,2012,1816085.6,175717.837,0.0967563626956791
281,Morelos,2013,1835514.9,182126.143,0.09922346203781839
282,Morelos,2014,1854944.2,185662.448,0.10009058385691602
283,Morelos,2015,1874373.5,187472.397,0.10001869798095203
284,Morelos,2016,1893802.8,194412.078,0.1026569809697187
285,Morelos,2017,1913232.1,203238.504,0.10622783508597831
286,Morelos,2018,1932661.4,201316.454,0.10416540321030886
287,Morelos,2019,1952090.7,201049.316,0.10299179028925244
289,Nayarit,2004,949684.0,86879.422,0.09148245311071894
290,Nayarit,2005,949684.0,90269.847,0.09505250904511395
291,Nayarit,2006,976743.0,92165.697,0.09436023293742571
292,Nayarit,2007,1003802.0,91675.276,0.09132804676619492
293,Nayarit,2008,1030861.0,98292.89,0.0953502848589674
294,Nayarit,2009,1057920.0,93038.497,0.08794473778735633
295,Nayarit,2010,1084979.0,97786.134,0.09012721352210504
296,Nayarit,2011,1100026.7,100704.16,0.09154701426792641
297,Nayarit,2012,1115074.4,100800.218,0.09039775103795765
298,Nayarit,2013,1130122.1,103627.459,0.09169580791314495
299,Nayarit,2014,1145169.8,108986.732,0.09517080523779094
300,Nayarit,2015,1160217.5,114062.999,0.09831173810083023
301,Nayarit,2016,1175265.2,119473.243,0.10165641167627529
302,Nayarit,2017,1190312.9,121000.114,0.10165403903461015
303,Nayarit,2018,1205360.6,120639.992,0.10008622481936111
304,Nayarit,2019,1220408.3,121042.682,0.099182119623408
306,Nuevo León,2004,4199292.0,849841.554,0.20237734218053902
307,Nuevo León,2005,4199292.0,885438.787,0.21085430282057072
308,Nuevo León,2006,4290125.2,946837.916,0.22070169793646113
309,Nuevo León,2007,4380958.4,1004636.521,0.22931889081621953
310,Nuevo León,2008,4471791.6,1020366.768,0.2281785152957486
311,Nuevo León,2009,4562624.8,952725.778,0.20881089718356857
312,Nuevo León,2010,4653458.0,1025184.258,0.22030590111697582
313,Nuevo León,2011,4766556.4,1069812.268,0.22444133211137496
314,Nuevo León,2012,4879654.8,1113817.766,0.22825749190291086
315,Nuevo León,2013,4992753.2,1124999.893,0.22532655789995787
316,Nuevo León,2014,5105851.6,1161168.669,0.22741919663313365
317,Nuevo León,2015,5218950.0,1228082.513,0.23531218214391786
318,Nuevo León,2016,5332048.4,1257648.421,0.2358659049306454
319,Nuevo León,2017,5445146.8,1306549.097,0.2399474513708244
320,Nuevo León,2018,5558245.2,1353169.991,0.24345273414710095
321,Nuevo León,2019,5671343.6,1372625.069,0.24202819751566454
323,Oaxaca,2004,3506821.0,210757.192,0.06009921578546496
324,Oaxaca,2005,3506821.0,213677.217,0.060931885887531755
325,Oaxaca,2006,3565849.2,218023.575,0.0611421186852209
326,Oaxaca,2007,3624877.4,219815.363,0.06064077174030769
327,Oaxaca,2008,3683905.6,226633.787,0.061519976787678815
328,Oaxaca,2009,3742933.8,224510.705,0.0599825476475165
329,Oaxaca,2010,3801962.0,228089.144,0.059992483880691075
330,Oaxaca,2011,3834980.6,234955.838,0.06126649975752158
331,Oaxaca,2012,3867999.2,239680.171,0.061964896735242345
332,Oaxaca,2013,3901017.8,245515.976,0.06293638957504885
333,Oaxaca,2014,3934036.4,250239.106,0.06360874190182887
334,Oaxaca,2015,3967055.0,260612.907,0.06569430144023715
335,Oaxaca,2016,4000073.6,256580.339,0.06414390450215716
336,Oaxaca,2017,4033092.2,250518.62,0.06211576814435335
337,Oaxaca,2018,4066110.8,260740.417,0.06412526117094497
338,Oaxaca,2019,4099129.4,252892.486,0.0616941943818607
340,Puebla,2004,5383133.0,405907.943,0.07540366232823897
341,Puebla,2005,5383133.0,428179.294,0.07954090935520262
342,Puebla,2006,5462472.2,447201.403,0.08186795037602204
343,Puebla,2007,5541811.4,465818.722,0.08405531844696122
344,Puebla,2008,5621150.6,468969.471,0.08342944432052755
345,Puebla,2009,5700489.8,432578.676,0.07588447504984572
346,Puebla,2010,5779829.0,469967.84,0.08131172046785468
347,Puebla,2011,5860173.9,493353.224,0.08418747163800036
348,Puebla,2012,5940518.8,524226.058,0.08824583772043613
349,Puebla,2013,6020863.7,519256.535,0.08624286495640152
350,Puebla,2014,6101208.6,526200.669,0.08624531687049677
351,Puebla,2015,6181553.5,540604.128,0.08745441222825298
352,Puebla,2016,6261898.4,555309.088,0.08868062886488225
353,Puebla,2017,6342243.3,589080.273,0.09288200485780797
354,Puebla,2018,6422588.2,603843.688,0.09401874590060125
355,Puebla,2019,6502933.1,595393.262,0.09155764834794318
357,Querétaro,2004,1598139.0,227917.275,0.14261417498728207
358,Querétaro,2005,1598139.0,243311.19,0.1522465755481845
359,Querétaro,2006,1644098.6,258448.271,0.15719754946570721
360,Querétaro,2007,1690058.2,271622.051,0.16071757232975764
361,Querétaro,2008,1736017.8,278348.405,0.16033729896087473
362,Querétaro,2009,1781977.4,270311.398,0.15169182168079123
363,Querétaro,2010,1827937.0,287403.169,0.1572281588479253
364,Querétaro,2011,1881990.0,308865.228,0.16411629604833183
365,Querétaro,2012,1936043.0,318294.372,0.16440459845158398
366,Querétaro,2013,1990096.0,319989.728,0.16079110153480033
367,Querétaro,2014,2044149.0,342666.454,0.16763281639449965
368,Querétaro,2015,2098202.0,362418.911,0.17272832215392037
369,Querétaro,2016,2152255.0,377947.864,0.17560552257980583
370,Querétaro,2017,2206308.0,395109.808,0.17908189065171318
371,Querétaro,2018,2260361.0,406744.73,0.17994680053318915
372,Querétaro,2019,2314414.0,403298.963,0.17425532467397795
374,Quintana Roo,2004,1135309.0,156941.599,0.13823690202403044
375,Quintana Roo,2005,1135309.0,163681.664,0.1441736690187429
376,Quintana Roo,2006,1173362.8,174364.522,0.14860239475804074
377,Quintana Roo,2007,1211416.6,192904.582,0.1592388464876575
378,Quintana Roo,2008,1249470.4,203018.581,0.16248370589651426
379,Quintana Roo,2009,1287524.2,185671.746,0.1442083542973406
380,Quintana Roo,2010,1325578.0,195148.828,0.14721791399676218
381,Quintana Roo,2011,1378818.7,206053.849,0.14944230811491024
382,Quintana Roo,2012,1432059.4,215709.871,0.15062913661262936
383,Quintana Roo,2013,1485300.1,225272.667,0.15166811541990738
384,Quintana Roo,2014,1538540.8,233252.369,0.1516062290970769
385,Quintana Roo,2015,1591781.5,244081.496,0.153338568138906
386,Quintana Roo,2016,1645022.2,261497.598,0.15896295989196985
387,Quintana Roo,2017,1698262.9,272211.726,0.16028833109408447
388,Quintana Roo,2018,1751503.6,286533.451,0.1635928416019242
389,Quintana Roo,2019,1804744.3,290182.71,0.16078882199544833
391,San Luis Potosí,2004,2410414.0,237464.465,0.09851604952510233
392,San Luis Potosí,2005,2410414.0,247240.388,0.10257175240435876
393,San Luis Potosí,2006,2445434.8,258649.446,0.10576828545991086
394,San Luis Potosí,2007,2480455.6,264315.631,0.10655930749173659
395,San Luis Potosí,2008,2515476.4,270024.005,0.10734507586713993
396,San Luis Potosí,2009,2550497.2,255845.961,0.1003121905015226
397,San Luis Potosí,2010,2585518.0,269397.22,0.10419467975082748
398,San Luis Potosí,2011,2609191.7,283881.746,0.10880064734224011
399,San Luis Potosí,2012,2632865.4,297293.962,0.11291650610015992
400,San Luis Potosí,2013,2656539.1,307896.47,0.11590135074616442
401,San Luis Potosí,2014,2680212.8,316716.343,0.11816835700508557
402,San Luis Potosí,2015,2703886.5,329359.358,0.12180960924210392
403,San Luis Potosí,2016,2727560.2,342065.043,0.12541062998352887
404,San Luis Potosí,2017,2751233.9,354677.904,0.12891593986247407
405,San Luis Potosí,2018,2774907.6,369840.94,0.13328045229325833
406,San Luis Potosí,2019,2798581.3,368609.775,0.13171308441173393
408,Sinaloa,2004,2608442.0,284658.629,0.10912975216623563
409,Sinaloa,2005,2608442.0,285708.482,0.10953223495097841
410,Sinaloa,2006,2640305.8,294951.695,0.11171118701477686
411,Sinaloa,2007,2672169.6,305622.537,0.11437243242345096
412,Sinaloa,2008,2704033.4,316380.798,0.1170032877552474
413,Sinaloa,2009,2735897.2,303066.175,0.11077396292521516
414,Sinaloa,2010,2767761.0,312655.113,0.11296319046333843
415,Sinaloa,2011,2793679.2,318762.638,0.1141013749896552
416,Sinaloa,2012,2819597.4,330191.387,0.11710586305690308
417,Sinaloa,2013,2845515.6,334097.307,0.11741186975042413
418,Sinaloa,2014,2871433.8,340077.857,0.11843485891961014
419,Sinaloa,2015,2897352.0,358848.314,0.1238538893444773
420,Sinaloa,2016,2923270.2,376438.398,0.12877304260139893
421,Sinaloa,2017,2949188.4,380987.655,0.12918389852611656
422,Sinaloa,2018,2975106.6,390894.97,0.131388559320866
423,Sinaloa,2019,3001024.8,398152.897,0.13267231147173458
425,Sonora,2004,2394861.0,384484.325,0.16054557028570762
426,Sonora,2005,2394861.0,404881.254,0.1690625276373034
427,Sonora,2006,2448384.8,429625.189,0.17547290319724254
428,Sonora,2007,2501908.6,435397.343,0.174026078730454
429,Sonora,2008,2555432.4,436717.189,0.1708975706029242
430,Sonora,2009,2608956.2,410374.271,0.15729442717359532
431,Sonora,2010,2662480.0,431501.919,0.16206766586040083
432,Sonora,2011,2690716.0,471510.171,0.17523594872145554
433,Sonora,2012,2718952.0,495926.031,0.1823960228058458
434,Sonora,2013,2747188.0,510315.674,0.18575928331078906
435,Sonora,2014,2775424.0,522896.949,0.18840254642173593
436,Sonora,2015,2803660.0,549606.823,0.19603190936133483
437,Sonora,2016,2831896.0,578945.379,0.2044373730532477
438,Sonora,2017,2860132.0,575986.463,0.20138457350919467
439,Sonora,2018,2888368.0,581413.804,0.20129491948394387
440,Sonora,2019,2916604.0,580732.615,0.19911260321936058
442,Tabasco,2004,1989969.0,391243.029,0.19660759991738563
443,Tabasco,2005,1989969.0,421079.732,0.21160115157572806
444,Tabasco,2006,2039695.8,445309.616,0.2183215830517472
445,Tabasco,2007,2089422.6,454079.113,0.21732277280814327
446,Tabasco,2008,2139149.4,475202.827,0.2221456935172457
447,Tabasco,2009,2188876.2,495944.159,0.22657478709851198
448,Tabasco,2010,2238603.0,525011.917,0.23452658510687246
449,Tabasco,2011,2255002.5,549751.131,0.24379180555232202
450,Tabasco,2012,2271402.0,564003.811,0.2483064693083831
451,Tabasco,2013,2287801.5,553628.205,0.2419913637612354
452,Tabasco,2014,2304201.0,564794.238,0.24511500428999033
453,Tabasco,2015,2320600.5,562212.305,0.2422701817913079
454,Tabasco,2016,2337000.0,534685.495,0.2287913970902867
455,Tabasco,2017,2353399.5,509388.361,0.21644789208122123
456,Tabasco,2018,2369799.0,467226.446,0.19715868139027826
457,Tabasco,2019,2386198.5,448891.865,0.18812008514798748
459,Tamaulipas,2004,3024238.0,410112.746,0.13560862141141009
460,Tamaulipas,2005,3024238.0,436490.981,0.14433089624559972
461,Tamaulipas,2006,3073101.2,449609.24,0.14630472956764326
462,Tamaulipas,2007,3121964.4,464007.812,0.14862687479716297
463,Tamaulipas,2008,3170827.6,483350.662,0.15243675247433824
464,Tamaulipas,2009,3219690.8,439739.323,0.13657812203581784
465,Tamaulipas,2010,3268554.0,448215.116,0.1371294817218868
466,Tamaulipas,2011,3294472.1,456768.535,0.13864695803616
467,Tamaulipas,2012,3320390.2,466371.322,0.14045678185654203
468,Tamaulipas,2013,3346308.3,473241.401,0.14142193682512758
469,Tamaulipas,2014,3372226.4,477891.309,0.14171388641047353
470,Tamaulipas,2015,3398144.5,492586.952,0.14495762378556887
471,Tamaulipas,2016,3424062.6,500458.048,0.14615914089888427
472,Tamaulipas,2017,3449980.7,498369.426,0.1444557142015316
473,Tamaulipas,2018,3475898.8,508491.928,0.14629077463359982
474,Tamaulipas,2019,3501816.9,517419.862,0.14775754323419937
476,Tlaxcala,2004,1068207.0,89789.73,0.08405648905127938
477,Tlaxcala,2005,1068207.0,79279.279,0.07421714985953097
478,Tlaxcala,2006,1088552.8,77889.934,0.0715536572961826
479,Tlaxcala,2007,1108898.6,79019.573,0.07125951191569725
480,Tlaxcala,2008,1129244.4,83246.79,0.07371901954970952
481,Tlaxcala,2009,1149590.2,81739.53,0.07110318964096946
482,Tlaxcala,2010,1169936.0,88809.886,0.07591003781403427
483,Tlaxcala,2011,1187240.1,86031.739,0.07246363983157239
484,Tlaxcala,2012,1204544.2,89918.601,0.0746494823519137
485,Tlaxcala,2013,1221848.3,87657.644,0.07174183898279353
486,Tlaxcala,2014,1239152.4,90362.518,0.07292284467996027
487,Tlaxcala,2015,1256456.5,96458.62,0.07677036172760457
488,Tlaxcala,2016,1273760.6,96859.667,0.07604228533996105
489,Tlaxcala,2017,1291064.7,95585.227,0.07403596969230125
490,Tlaxcala,2018,1308368.8,98881.599,0.0755762434873103
491,Tlaxcala,2019,1325672.9,103564.841,0.07812246972839228
493,Veracruz,2004,7110214.0,643859.491,0.09055416489574013
494,Veracruz,2005,7110214.0,648906.398,0.09126397573968942
495,Veracruz,2006,7216810.0,684557.368,0.09485594992801528
496,Veracruz,2007,7323406.0,705608.578,0.09634978287425278
497,Veracruz,2008,7430002.0,704314.03,0.09479324904623175
498,Veracruz,2009,7536598.0,688981.395,0.09141809009847679
499,Veracruz,2010,7643194.0,718148.55,0.09395922045155468
500,Veracruz,2011,7685132.5,746817.731,0.09717694925884492
501,Veracruz,2012,7727071.0,779730.434,0.10090892577536818
502,Veracruz,2013,7769009.5,781357.276,0.10057360285117427
503,Veracruz,2014,7810948.0,780785.356,0.09996038329790444
504,Veracruz,2015,7852886.5,785745.931,0.10005823094476152
505,Veracruz,2016,7894825.0,784930.108,0.09942337011903367
506,Veracruz,2017,7936763.5,776072.856,0.09778203117681408
507,Veracruz,2018,7978702.0,794018.647,0.09951727072899827
508,Veracruz,2019,8020640.5,801594.693,0.09994148135675698
510,Yucatán,2004,1818948.0,169013.747,0.09291840503411862
511,Yucatán,2005,1818948.0,176907.681,0.09725823992769447
512,Yucatán,2006,1846273.8,185462.602,0.10045238252311223
513,Yucatán,2007,1873599.6,191217.075,0.10205866557614551
514,Yucatán,2008,1900925.4,193158.623,0.10161294230694166
515,Yucatán,2009,1928251.2,189365.458,0.09820580326878574
516,Yucatán,2010,1955577.0,196149.981,0.10030286764469003
517,Yucatán,2011,1992109.1,202893.85,0.10184876420673948
518,Yucatán,2012,2028641.2,214700.599,0.10583468333384928
519,Yucatán,2013,2065173.3,215788.237,0.1044891665992389
520,Yucatán,2014,2101705.4,223858.768,0.10651291470250779
521,Yucatán,2015,2138237.5,230374.526,0.10774038244114605
522,Yucatán,2016,2174769.6,242505.306,0.11150850462504167
523,Yucatán,2017,2211301.7,252391.124,0.1141369013554324
524,Yucatán,2018,2247833.8,261283.809,0.11623804615803893
525,Yucatán,2019,2284365.9,263341.632,0.1152799698156937
527,Zacatecas,2004,1367692.0,105664.685,0.07725766108158855
528,Zacatecas,2005,1367692.0,105661.441,0.07725528920253975
529,Zacatecas,2006,1392287.2,112108.368,0.08052100744731404
530,Zacatecas,2007,1416882.4,115935.139,0.08182410833813732
531,Zacatecas,2008,1441477.6,126383.577,0.08767640718107586
532,Zacatecas,2009,1466072.8,130512.0,0.08902150016015575
533,Zacatecas,2010,1490668.0,144730.56,0.09709107594715925
534,Zacatecas,2011,1503815.0,144876.886,0.0963395670345089
535,Zacatecas,2012,1516962.0,148728.64,0.09804374796468206
536,Zacatecas,2013,1530109.0,146858.788,0.09597929820685977
537,Zacatecas,2014,1543256.0,156808.457,0.10160884325089291
538,Zacatecas,2015,1556403.0,159905.359,0.10274033074981223
539,Zacatecas,2016,1569550.0,157998.056,0.1006645573572043
540,Zacatecas,2017,1582697.0,157621.131,0.09959021278235822
541,Zacatecas,2018,1595844.0,157631.239,0.09877609528249628
542,Zacatecas,2019,1608991.0,151882.034,0.0943958257069182
